-- phpMyAdmin SQL Dump
-- version 4.0.10.7
-- http://www.phpmyadmin.net
--
-- Host: localhost
-- Generation Time: Apr 07, 2015 at 12:10 AM
-- Server version: 5.5.34-cll-lve
-- PHP Version: 5.4.23

SET SQL_MODE = "NO_AUTO_VALUE_ON_ZERO";
SET time_zone = "+00:00";


/*!40101 SET @OLD_CHARACTER_SET_CLIENT=@@CHARACTER_SET_CLIENT */;
/*!40101 SET @OLD_CHARACTER_SET_RESULTS=@@CHARACTER_SET_RESULTS */;
/*!40101 SET @OLD_COLLATION_CONNECTION=@@COLLATION_CONNECTION */;
/*!40101 SET NAMES utf8 */;

--
-- Database: `badrater_terrabol`
--
CREATE DATABASE IF NOT EXISTS `badrater_terrabol` DEFAULT CHARACTER SET latin1 COLLATE latin1_swedish_ci;
USE `badrater_terrabol`;

-- --------------------------------------------------------

--
-- Table structure for table `debt`
--

DROP TABLE IF EXISTS `debt`;
CREATE TABLE IF NOT EXISTS `debt` (
  `id` int(5) NOT NULL AUTO_INCREMENT,
  `shop_id` int(5) NOT NULL,
  `deptor_id` int(5) NOT NULL,
  `date` date NOT NULL,
  `description` text NOT NULL,
  `bs` decimal(10,2) DEFAULT NULL,
  `sus` decimal(10,2) DEFAULT NULL,
  PRIMARY KEY (`id`),
  KEY `deptor_id` (`deptor_id`),
  KEY `store_id` (`shop_id`),
  KEY `shop_id` (`shop_id`)
) ENGINE=InnoDB  DEFAULT CHARSET=utf8 AUTO_INCREMENT=23 ;

--
-- Dumping data for table `debt`
--

INSERT INTO `debt` (`id`, `shop_id`, `deptor_id`, `date`, `description`, `bs`, `sus`) VALUES
(19, 1, 8, '2013-06-09', 'deudor de huayna', '0.00', '500.00'),
(20, 1, 8, '2013-06-09', 'prueba', '1000.00', '0.00'),
(21, 7, 8, '2013-06-09', 'cancelar', '1000.00', '0.00'),
(22, 7, 8, '2013-06-09', 'aaaaa', '0.00', '300.00');

-- --------------------------------------------------------

--
-- Table structure for table `deptor`
--

DROP TABLE IF EXISTS `deptor`;
CREATE TABLE IF NOT EXISTS `deptor` (
  `id` int(5) NOT NULL AUTO_INCREMENT,
  `name` varchar(50) NOT NULL,
  `info` text,
  PRIMARY KEY (`id`),
  KEY `id` (`id`)
) ENGINE=InnoDB  DEFAULT CHARSET=utf8 AUTO_INCREMENT=18 ;

--
-- Dumping data for table `deptor`
--

INSERT INTO `deptor` (`id`, `name`, `info`) VALUES
(7, 'alex gay', ''),
(8, 'greco', ''),
(9, 'auro seas', ''),
(10, 'paulino', ''),
(11, 'Gladys-chiriguano', ''),
(12, 'ariel-envios', ''),
(13, 'isidro vidal', ''),
(14, 'Mariel-Chiriguano', ''),
(15, 'Remberto Teran', 'Trans Jimenez Bolivia - TRAJIBO'),
(16, 'rafael cerezo', ''),
(17, 'Tito Cordova', '');

-- --------------------------------------------------------

--
-- Table structure for table `expense`
--

DROP TABLE IF EXISTS `expense`;
CREATE TABLE IF NOT EXISTS `expense` (
  `id` int(5) NOT NULL AUTO_INCREMENT,
  `shop_id` int(5) NOT NULL,
  `date` date NOT NULL,
  `description` text NOT NULL,
  `bs` decimal(10,2) DEFAULT NULL,
  `sus` decimal(10,2) DEFAULT NULL,
  PRIMARY KEY (`id`),
  KEY `store_id` (`shop_id`),
  KEY `shop_id` (`shop_id`)
) ENGINE=InnoDB DEFAULT CHARSET=utf8 AUTO_INCREMENT=1 ;

-- --------------------------------------------------------

--
-- Table structure for table `invoice`
--

DROP TABLE IF EXISTS `invoice`;
CREATE TABLE IF NOT EXISTS `invoice` (
  `invoice_id` int(5) NOT NULL AUTO_INCREMENT,
  `date` date NOT NULL,
  `invoice_number` text NOT NULL,
  PRIMARY KEY (`invoice_id`),
  UNIQUE KEY `invoice_id` (`invoice_id`)
) ENGINE=InnoDB  DEFAULT CHARSET=utf8 AUTO_INCREMENT=20 ;

--
-- Dumping data for table `invoice`
--

INSERT INTO `invoice` (`invoice_id`, `date`, `invoice_number`) VALUES
(16, '2013-06-05', '0000'),
(17, '2013-06-09', '4444'),
(18, '2013-06-09', '111111'),
(19, '2013-10-17', '0001');

-- --------------------------------------------------------

--
-- Table structure for table `role`
--

DROP TABLE IF EXISTS `role`;
CREATE TABLE IF NOT EXISTS `role` (
  `id` int(5) NOT NULL AUTO_INCREMENT,
  `user` int(5) NOT NULL,
  `permission` char(1) NOT NULL DEFAULT 'x',
  `store_v` char(1) NOT NULL DEFAULT 'x',
  `store_a` char(1) NOT NULL DEFAULT 'x',
  `store_d` char(1) NOT NULL DEFAULT 'x',
  `shop_v` char(1) NOT NULL DEFAULT 'x',
  `shop_a` char(1) NOT NULL DEFAULT 'x',
  `shop_d` char(1) NOT NULL DEFAULT 'x',
  `tyre_a` char(1) NOT NULL DEFAULT 'x',
  `tyre_d` char(1) NOT NULL DEFAULT 'x',
  `supplier_a` char(1) NOT NULL DEFAULT 'x',
  `supplier_d` char(1) NOT NULL DEFAULT 'x',
  `deptor_a` char(1) NOT NULL DEFAULT 'x',
  `deptor_d` char(1) NOT NULL DEFAULT 'x',
  `kardex_io` char(1) NOT NULL DEFAULT 'x',
  `kardex_entries` char(1) NOT NULL DEFAULT 'x',
  `kardex_outs` char(1) NOT NULL DEFAULT 'x',
  `kardex_stock` char(1) NOT NULL DEFAULT 'x',
  `kardex_imports` char(1) NOT NULL DEFAULT 'x',
  `kardex_invoices` char(1) NOT NULL DEFAULT 'x',
  `kardex_debts` char(1) NOT NULL DEFAULT 'x',
  PRIMARY KEY (`id`),
  KEY `user` (`user`)
) ENGINE=InnoDB  DEFAULT CHARSET=utf8 AUTO_INCREMENT=19 ;

--
-- Dumping data for table `role`
--

INSERT INTO `role` (`id`, `user`, `permission`, `store_v`, `store_a`, `store_d`, `shop_v`, `shop_a`, `shop_d`, `tyre_a`, `tyre_d`, `supplier_a`, `supplier_d`, `deptor_a`, `deptor_d`, `kardex_io`, `kardex_entries`, `kardex_outs`, `kardex_stock`, `kardex_imports`, `kardex_invoices`, `kardex_debts`) VALUES
(2, 1, 'y', 'y', 'y', 'y', 'y', 'y', 'y', 'y', 'y', 'y', 'y', 'y', 'y', 'y', 'y', 'y', 'y', 'y', 'x', 'y'),
(11, 11, 'y', 'y', 'y', 'y', 'y', 'y', 'y', 'y', 'y', 'y', 'y', 'y', 'y', 'y', 'y', 'y', 'y', 'y', 'x', 'x'),
(13, 13, 'x', 'x', 'x', 'x', 'x', 'x', 'x', 'x', 'x', 'x', 'x', 'y', 'y', 'y', 'y', 'y', 'y', 'x', 'x', 'y'),
(14, 14, 'x', 'x', 'x', 'x', 'x', 'x', 'x', 'x', 'x', 'x', 'x', 'x', 'x', 'x', 'x', 'x', 'x', 'x', 'x', 'x'),
(15, 15, 'x', 'x', 'x', 'x', 'x', 'x', 'x', 'x', 'x', 'x', 'x', 'x', 'x', 'x', 'x', 'x', 'x', 'x', 'x', 'x'),
(16, 16, 'x', 'x', 'x', 'x', 'x', 'x', 'x', 'x', 'x', 'x', 'x', 'x', 'x', 'x', 'x', 'x', 'x', 'x', 'x', 'x'),
(17, 17, 'x', 'x', 'x', 'x', 'x', 'x', 'x', 'x', 'x', 'x', 'x', 'x', 'x', 'y', 'y', 'y', 'y', 'x', 'x', 'x'),
(18, 18, 'x', 'x', 'x', 'x', 'x', 'x', 'x', 'x', 'x', 'x', 'x', 'x', 'x', 'x', 'x', 'x', 'y', 'x', 'x', 'x');

-- --------------------------------------------------------

--
-- Table structure for table `role_shop`
--

DROP TABLE IF EXISTS `role_shop`;
CREATE TABLE IF NOT EXISTS `role_shop` (
  `id` int(5) NOT NULL AUTO_INCREMENT,
  `user` int(5) NOT NULL,
  `shop_id` int(5) NOT NULL,
  `mov_v` char(1) NOT NULL DEFAULT 'x',
  `mov_a` char(1) NOT NULL DEFAULT 'x',
  `mov_d` char(1) NOT NULL DEFAULT 'x',
  `mov_o` char(1) NOT NULL DEFAULT 'x',
  PRIMARY KEY (`id`),
  KEY `user` (`user`,`shop_id`),
  KEY `shop_id` (`shop_id`)
) ENGINE=InnoDB  DEFAULT CHARSET=utf8 AUTO_INCREMENT=97 ;

--
-- Dumping data for table `role_shop`
--

INSERT INTO `role_shop` (`id`, `user`, `shop_id`, `mov_v`, `mov_a`, `mov_d`, `mov_o`) VALUES
(2, 1, 1, 'y', 'y', 'y', 'y'),
(33, 1, 7, 'y', 'y', 'y', 'y'),
(38, 1, 8, 'y', 'y', 'y', 'y'),
(40, 1, 9, 'y', 'y', 'y', 'y'),
(42, 11, 1, 'y', 'y', 'y', 'y'),
(43, 11, 8, 'y', 'y', 'y', 'y'),
(44, 11, 9, 'y', 'y', 'y', 'y'),
(45, 11, 7, 'y', 'y', 'y', 'y'),
(46, 1, 10, 'y', 'y', 'y', 'y'),
(47, 11, 10, 'y', 'y', 'y', 'y'),
(52, 1, 12, 'y', 'y', 'y', 'y'),
(53, 11, 12, 'y', 'x', 'x', 'y'),
(61, 13, 1, 'x', 'x', 'x', 'x'),
(62, 13, 12, 'y', 'x', 'x', 'x'),
(63, 13, 8, 'x', 'x', 'x', 'x'),
(64, 13, 9, 'x', 'x', 'x', 'x'),
(65, 13, 10, 'x', 'x', 'x', 'x'),
(66, 13, 7, 'y', 'y', 'x', 'y'),
(67, 14, 1, 'x', 'x', 'x', 'x'),
(68, 14, 12, 'x', 'x', 'x', 'x'),
(69, 14, 8, 'x', 'x', 'x', 'x'),
(70, 14, 9, 'x', 'x', 'x', 'x'),
(71, 14, 10, 'x', 'x', 'x', 'x'),
(72, 14, 7, 'x', 'x', 'x', 'x'),
(73, 15, 1, 'x', 'x', 'x', 'x'),
(74, 15, 7, 'x', 'x', 'x', 'x'),
(75, 15, 12, 'x', 'x', 'x', 'x'),
(76, 15, 8, 'x', 'x', 'x', 'x'),
(77, 15, 9, 'x', 'x', 'x', 'x'),
(78, 15, 10, 'x', 'x', 'x', 'x'),
(79, 16, 1, 'x', 'x', 'x', 'x'),
(80, 16, 7, 'x', 'x', 'x', 'x'),
(81, 16, 12, 'x', 'x', 'x', 'x'),
(82, 16, 8, 'x', 'x', 'x', 'x'),
(83, 16, 9, 'x', 'x', 'x', 'x'),
(84, 16, 10, 'x', 'x', 'x', 'x'),
(85, 17, 1, 'x', 'x', 'x', 'x'),
(86, 17, 7, 'y', 'x', 'x', 'x'),
(87, 17, 12, 'y', 'y', 'x', 'y'),
(88, 17, 8, 'x', 'x', 'x', 'x'),
(89, 17, 9, 'x', 'x', 'x', 'x'),
(90, 17, 10, 'x', 'x', 'x', 'x'),
(91, 18, 1, 'x', 'x', 'x', 'x'),
(92, 18, 7, 'x', 'x', 'x', 'x'),
(93, 18, 12, 'x', 'x', 'x', 'x'),
(94, 18, 8, 'x', 'x', 'x', 'x'),
(95, 18, 9, 'x', 'x', 'x', 'x'),
(96, 18, 10, 'x', 'x', 'x', 'x');

-- --------------------------------------------------------

--
-- Table structure for table `role_store`
--

DROP TABLE IF EXISTS `role_store`;
CREATE TABLE IF NOT EXISTS `role_store` (
  `id` int(5) NOT NULL AUTO_INCREMENT,
  `user` int(5) NOT NULL,
  `store_id` int(5) NOT NULL,
  `mov_v` char(1) NOT NULL DEFAULT 'x',
  `mov_a` char(1) NOT NULL DEFAULT 'x',
  `mov_d` char(1) NOT NULL DEFAULT 'x',
  PRIMARY KEY (`id`),
  KEY `user` (`user`),
  KEY `store_id` (`store_id`)
) ENGINE=InnoDB  DEFAULT CHARSET=utf8 AUTO_INCREMENT=113 ;

--
-- Dumping data for table `role_store`
--

INSERT INTO `role_store` (`id`, `user`, `store_id`, `mov_v`, `mov_a`, `mov_d`) VALUES
(9, 1, 6, 'y', 'y', 'y'),
(46, 1, 7, 'y', 'y', 'y'),
(50, 1, 8, 'y', 'y', 'y'),
(52, 1, 9, 'y', 'y', 'y'),
(54, 1, 10, 'y', 'y', 'y'),
(56, 11, 9, 'y', 'y', 'y'),
(57, 11, 6, 'y', 'y', 'y'),
(58, 11, 7, 'y', 'y', 'y'),
(59, 11, 8, 'y', 'y', 'y'),
(60, 11, 10, 'y', 'y', 'y'),
(66, 1, 11, 'y', 'y', 'y'),
(67, 11, 11, 'y', 'y', 'y'),
(69, 13, 9, 'x', 'x', 'x'),
(70, 13, 6, 'x', 'x', 'x'),
(71, 13, 7, 'x', 'x', 'x'),
(72, 13, 8, 'x', 'x', 'x'),
(73, 13, 10, 'x', 'x', 'x'),
(74, 13, 11, 'y', 'x', 'x'),
(75, 14, 9, 'x', 'x', 'x'),
(76, 14, 6, 'x', 'x', 'x'),
(77, 14, 7, 'x', 'x', 'x'),
(78, 14, 8, 'x', 'x', 'x'),
(79, 14, 10, 'x', 'x', 'x'),
(80, 14, 11, 'x', 'x', 'x'),
(81, 15, 9, 'x', 'x', 'x'),
(82, 15, 6, 'x', 'x', 'x'),
(83, 15, 7, 'x', 'x', 'x'),
(84, 15, 8, 'x', 'x', 'x'),
(85, 15, 10, 'x', 'x', 'x'),
(86, 15, 11, 'x', 'x', 'x'),
(87, 16, 9, 'x', 'x', 'x'),
(88, 16, 6, 'x', 'x', 'x'),
(89, 16, 7, 'x', 'x', 'x'),
(90, 16, 8, 'x', 'x', 'x'),
(91, 16, 10, 'x', 'x', 'x'),
(92, 16, 11, 'x', 'x', 'x'),
(93, 1, 12, 'y', 'y', 'y'),
(94, 13, 12, 'x', 'x', 'x'),
(95, 11, 12, 'x', 'x', 'x'),
(96, 14, 12, 'x', 'x', 'x'),
(97, 15, 12, 'x', 'x', 'x'),
(98, 16, 12, 'x', 'x', 'x'),
(99, 17, 12, 'x', 'x', 'x'),
(100, 17, 9, 'x', 'x', 'x'),
(101, 17, 6, 'x', 'x', 'x'),
(102, 17, 7, 'x', 'x', 'x'),
(103, 17, 8, 'x', 'x', 'x'),
(104, 17, 10, 'x', 'x', 'x'),
(105, 17, 11, 'x', 'x', 'x'),
(106, 18, 12, 'x', 'x', 'x'),
(107, 18, 9, 'x', 'x', 'x'),
(108, 18, 6, 'x', 'x', 'x'),
(109, 18, 7, 'x', 'x', 'x'),
(110, 18, 8, 'x', 'x', 'x'),
(111, 18, 10, 'x', 'x', 'x'),
(112, 18, 11, 'x', 'x', 'x');

-- --------------------------------------------------------

--
-- Table structure for table `shop`
--

DROP TABLE IF EXISTS `shop`;
CREATE TABLE IF NOT EXISTS `shop` (
  `shop_id` int(5) NOT NULL AUTO_INCREMENT,
  `shop_name` varchar(25) NOT NULL,
  `shop_info` text NOT NULL,
  PRIMARY KEY (`shop_id`),
  UNIQUE KEY `shop_id` (`shop_id`)
) ENGINE=InnoDB  DEFAULT CHARSET=utf8 AUTO_INCREMENT=13 ;

--
-- Dumping data for table `shop`
--

INSERT INTO `shop` (`shop_id`, `shop_name`, `shop_info`) VALUES
(1, 'BARRIENTOS', 'Av. Barrientos           Telf.: 4569531 , 4561218'),
(7, 'Central 4to Anillo', '4to Anillo Pirai  3531936'),
(8, 'HUAYNA KAPAC', 'Av. Huayna Kapac  telf. 4583554'),
(9, 'QUILLACOLLO', 'Av. Blanco Galindo      Telf.: 4390750'),
(10, 'SANTA CRUZ', 'Av. 4to Anillo,     telf.: 71711169'),
(12, 'chiriguano', '');

-- --------------------------------------------------------

--
-- Table structure for table `shop_entries_outs`
--

DROP TABLE IF EXISTS `shop_entries_outs`;
CREATE TABLE IF NOT EXISTS `shop_entries_outs` (
  `id` int(5) NOT NULL AUTO_INCREMENT,
  `shop_id` int(5) NOT NULL,
  `tyre_id` int(5) NOT NULL,
  `source_store` int(5) DEFAULT NULL,
  `source_shop` int(5) DEFAULT NULL,
  `date` date NOT NULL,
  `date_save` datetime NOT NULL,
  `entry_out` varchar(5) NOT NULL,
  `employee` text,
  `amount` int(10) NOT NULL DEFAULT '0',
  `deptor_id` int(5) DEFAULT NULL,
  `payment_bs` decimal(10,2) DEFAULT '0.00',
  `payment_sus` decimal(10,2) DEFAULT '0.00',
  PRIMARY KEY (`id`),
  KEY `tyre_id` (`tyre_id`),
  KEY `source_store` (`source_store`),
  KEY `source_shop` (`source_shop`),
  KEY `shop_id` (`shop_id`),
  KEY `shop_id_2` (`shop_id`),
  KEY `shop_id_3` (`shop_id`),
  KEY `deptor_id` (`deptor_id`)
) ENGINE=InnoDB  DEFAULT CHARSET=utf8 AUTO_INCREMENT=382 ;

--
-- Dumping data for table `shop_entries_outs`
--

INSERT INTO `shop_entries_outs` (`id`, `shop_id`, `tyre_id`, `source_store`, `source_shop`, `date`, `date_save`, `entry_out`, `employee`, `amount`, `deptor_id`, `payment_bs`, `payment_sus`) VALUES
(144, 7, 29, 11, NULL, '2015-04-01', '2015-04-01 17:11:51', 'entry', 'Ariel', 1, NULL, '0.00', '0.00'),
(145, 7, 34, 11, NULL, '2015-04-01', '2015-04-01 17:11:51', 'entry', 'Ariel', 2, NULL, '0.00', '0.00'),
(146, 7, 194, 11, NULL, '2015-04-01', '2015-04-01 17:11:51', 'entry', 'Ariel', 6, NULL, '0.00', '0.00'),
(147, 7, 33, 11, NULL, '2015-04-01', '2015-04-01 17:11:51', 'entry', 'Ariel', 25, NULL, '0.00', '0.00'),
(148, 7, 41, 11, NULL, '2015-04-01', '2015-04-01 17:11:51', 'entry', 'Ariel', 1, NULL, '0.00', '0.00'),
(149, 7, 53, 11, NULL, '2015-04-01', '2015-04-01 17:11:51', 'entry', 'Ariel', 11, NULL, '0.00', '0.00'),
(150, 7, 205, 11, NULL, '2015-04-01', '2015-04-01 17:11:51', 'entry', 'Ariel', 41, NULL, '0.00', '0.00'),
(151, 7, 52, 11, NULL, '2015-04-01', '2015-04-01 17:11:51', 'entry', 'Ariel', 10, NULL, '0.00', '0.00'),
(152, 7, 188, 11, NULL, '2015-04-01', '2015-04-01 17:11:51', 'entry', 'Ariel', 3, NULL, '0.00', '0.00'),
(153, 7, 199, 11, NULL, '2015-04-01', '2015-04-01 17:11:51', 'entry', 'Ariel', 12, NULL, '0.00', '0.00'),
(154, 7, 154, 11, NULL, '2015-04-01', '2015-04-01 18:01:35', 'entry', 'Ariel', 38, NULL, '0.00', '0.00'),
(155, 7, 71, 11, NULL, '2015-04-01', '2015-04-01 18:01:35', 'entry', 'Ariel', 11, NULL, '0.00', '0.00'),
(156, 7, 72, 11, NULL, '2015-04-01', '2015-04-01 18:01:35', 'entry', 'Ariel', 1, NULL, '0.00', '0.00'),
(157, 7, 185, 11, NULL, '2015-04-01', '2015-04-01 18:01:35', 'entry', 'Ariel', 1, NULL, '0.00', '0.00'),
(158, 7, 196, 11, NULL, '2015-04-01', '2015-04-01 18:01:35', 'entry', 'Ariel', 18, NULL, '0.00', '0.00'),
(159, 7, 66, 11, NULL, '2015-04-01', '2015-04-01 18:01:35', 'entry', 'Ariel', 17, NULL, '0.00', '0.00'),
(160, 7, 236, 11, NULL, '2015-04-01', '2015-04-01 18:01:35', 'entry', 'Ariel', 8, NULL, '0.00', '0.00'),
(161, 7, 237, 11, NULL, '2015-04-01', '2015-04-01 18:01:35', 'entry', 'Ariel', 20, NULL, '0.00', '0.00'),
(162, 7, 238, 11, NULL, '2015-04-01', '2015-04-01 18:01:35', 'entry', 'Ariel', 4, NULL, '0.00', '0.00'),
(163, 7, 166, 11, NULL, '2015-04-01', '2015-04-01 18:01:35', 'entry', 'Ariel', 16, NULL, '0.00', '0.00'),
(164, 7, 167, 11, NULL, '2015-04-01', '2015-04-01 18:01:35', 'entry', 'Ariel', 8, NULL, '0.00', '0.00'),
(165, 7, 168, 11, NULL, '2015-04-01', '2015-04-01 18:01:35', 'entry', 'Ariel', 8, NULL, '0.00', '0.00'),
(166, 7, 169, 11, NULL, '2015-04-01', '2015-04-01 18:01:35', 'entry', 'Ariel', 8, NULL, '0.00', '0.00'),
(167, 7, 170, 11, NULL, '2015-04-01', '2015-04-01 18:01:35', 'entry', 'Ariel', 2, NULL, '0.00', '0.00'),
(168, 7, 200, 11, NULL, '2015-04-01', '2015-04-01 18:01:35', 'entry', 'Ariel', 2, NULL, '0.00', '0.00'),
(169, 7, 233, 11, NULL, '2015-04-01', '2015-04-01 18:01:35', 'entry', 'Ariel', 10, NULL, '0.00', '0.00'),
(170, 7, 239, 11, NULL, '2015-04-01', '2015-04-01 18:01:35', 'entry', 'Ariel', 8, NULL, '0.00', '0.00'),
(171, 7, 240, 11, NULL, '2015-04-01', '2015-04-01 18:01:35', 'entry', 'Ariel', 8, NULL, '0.00', '0.00'),
(172, 7, 241, 11, NULL, '2015-04-01', '2015-04-01 18:01:35', 'entry', 'Ariel', 24, NULL, '0.00', '0.00'),
(173, 7, 209, 11, NULL, '2015-04-01', '2015-04-01 18:01:36', 'entry', 'Ariel', 16, NULL, '0.00', '0.00'),
(174, 7, 210, 11, NULL, '2015-04-01', '2015-04-01 18:01:36', 'entry', 'Ariel', 2, NULL, '0.00', '0.00'),
(175, 7, 171, 11, NULL, '2015-04-01', '2015-04-01 18:01:36', 'entry', 'Ariel', 46, NULL, '0.00', '0.00'),
(176, 7, 172, 11, NULL, '2015-04-01', '2015-04-01 18:01:36', 'entry', 'Ariel', 15, NULL, '0.00', '0.00'),
(177, 7, 197, 11, NULL, '2015-04-01', '2015-04-01 18:01:36', 'entry', 'Ariel', 1, NULL, '0.00', '0.00'),
(178, 7, 106, 11, NULL, '2015-04-01', '2015-04-01 18:01:36', 'entry', 'Ariel', 5, NULL, '0.00', '0.00'),
(179, 7, 107, 11, NULL, '2015-04-01', '2015-04-01 18:01:36', 'entry', 'Ariel', 1, NULL, '0.00', '0.00'),
(180, 7, 110, 11, NULL, '2015-04-02', '2015-04-02 13:17:11', 'entry', 'Ariel', 6, NULL, '0.00', '0.00'),
(181, 7, 112, 11, NULL, '2015-04-02', '2015-04-02 13:17:11', 'entry', 'Ariel', 2, NULL, '0.00', '0.00'),
(182, 7, 115, 11, NULL, '2015-04-02', '2015-04-02 13:17:11', 'entry', 'Ariel', 2, NULL, '0.00', '0.00'),
(183, 7, 126, 11, NULL, '2015-04-02', '2015-04-02 13:17:11', 'entry', 'Ariel', 4, NULL, '0.00', '0.00'),
(184, 7, 123, 11, NULL, '2015-04-02', '2015-04-02 13:17:11', 'entry', 'Ariel', 3, NULL, '0.00', '0.00'),
(185, 7, 124, 11, NULL, '2015-04-02', '2015-04-02 13:17:11', 'entry', 'Ariel', 1, NULL, '0.00', '0.00'),
(186, 7, 44, 11, NULL, '2015-04-02', '2015-04-02 13:17:11', 'entry', 'Ariel', 10, NULL, '0.00', '0.00'),
(187, 7, 161, 11, NULL, '2015-04-02', '2015-04-02 13:17:11', 'entry', 'Ariel', 6, NULL, '0.00', '0.00'),
(188, 7, 202, 11, NULL, '2015-04-02', '2015-04-02 13:17:11', 'entry', 'Ariel', 5, NULL, '0.00', '0.00'),
(189, 7, 242, 11, NULL, '2015-04-02', '2015-04-02 13:17:11', 'entry', 'Ariel', 3, NULL, '0.00', '0.00'),
(190, 7, 243, 11, NULL, '2015-04-02', '2015-04-02 13:17:11', 'entry', 'Ariel', 1, NULL, '0.00', '0.00'),
(191, 7, 203, 11, NULL, '2015-04-02', '2015-04-02 13:17:11', 'entry', 'Ariel', 22, NULL, '0.00', '0.00'),
(192, 7, 192, 11, NULL, '2015-04-02', '2015-04-02 13:17:11', 'entry', 'Ariel', 13, NULL, '0.00', '0.00'),
(193, 7, 204, 11, NULL, '2015-04-02', '2015-04-02 13:17:11', 'entry', 'Ariel', 12, NULL, '0.00', '0.00'),
(194, 7, 206, 11, NULL, '2015-04-02', '2015-04-02 13:17:11', 'entry', 'Ariel', 18, NULL, '0.00', '0.00'),
(195, 7, 207, 11, NULL, '2015-04-02', '2015-04-02 13:17:11', 'entry', 'Ariel', 18, NULL, '0.00', '0.00'),
(196, 7, 231, 11, NULL, '2015-04-02', '2015-04-02 13:17:11', 'entry', 'Ariel', 5, NULL, '0.00', '0.00'),
(197, 7, 244, 11, NULL, '2015-04-02', '2015-04-02 13:17:11', 'entry', 'Ariel', 1, NULL, '0.00', '0.00'),
(198, 7, 65, 11, NULL, '2015-04-02', '2015-04-02 13:17:11', 'entry', 'Ariel', 5, NULL, '0.00', '0.00'),
(199, 7, 187, 11, NULL, '2015-04-02', '2015-04-02 13:17:11', 'entry', 'Ariel', 22, NULL, '0.00', '0.00'),
(200, 7, 157, 11, NULL, '2015-04-02', '2015-04-02 13:17:11', 'entry', 'Ariel', 1, NULL, '0.00', '0.00'),
(201, 7, 158, 11, NULL, '2015-04-02', '2015-04-02 13:17:11', 'entry', 'Ariel', 15, NULL, '0.00', '0.00'),
(202, 7, 186, 11, NULL, '2015-04-02', '2015-04-02 13:17:11', 'entry', 'Ariel', 56, NULL, '0.00', '0.00'),
(203, 7, 78, 11, NULL, '2015-04-02', '2015-04-02 13:17:11', 'entry', 'Ariel', 18, NULL, '0.00', '0.00'),
(204, 7, 211, 11, NULL, '2015-04-02', '2015-04-02 13:17:11', 'entry', 'Ariel', 8, NULL, '0.00', '0.00'),
(205, 7, 212, 11, NULL, '2015-04-02', '2015-04-02 13:17:11', 'entry', 'Ariel', 2, NULL, '0.00', '0.00'),
(206, 7, 245, 11, NULL, '2015-04-02', '2015-04-02 13:17:11', 'entry', 'Ariel', 1, NULL, '0.00', '0.00'),
(207, 7, 246, 11, NULL, '2015-04-02', '2015-04-02 13:17:11', 'entry', 'Ariel', 11, NULL, '0.00', '0.00'),
(208, 7, 213, 11, NULL, '2015-04-02', '2015-04-02 13:17:11', 'entry', 'Ariel', 10, NULL, '0.00', '0.00'),
(209, 7, 218, 11, NULL, '2015-04-02', '2015-04-02 13:17:11', 'entry', 'Ariel', 6, NULL, '0.00', '0.00'),
(210, 7, 214, 11, NULL, '2015-04-02', '2015-04-02 13:17:11', 'entry', 'Ariel', 1, NULL, '0.00', '0.00'),
(211, 7, 222, 11, NULL, '2015-04-02', '2015-04-02 13:17:11', 'entry', 'Ariel', 1, NULL, '0.00', '0.00'),
(212, 7, 183, 11, NULL, '2015-04-02', '2015-04-02 13:17:11', 'entry', 'Ariel', 17, NULL, '0.00', '0.00'),
(213, 7, 181, 11, NULL, '2015-04-02', '2015-04-02 13:17:11', 'entry', 'Ariel', 2, NULL, '0.00', '0.00'),
(214, 7, 118, 11, NULL, '2015-04-02', '2015-04-02 13:17:11', 'entry', 'Ariel', 52, NULL, '0.00', '0.00'),
(215, 7, 176, 11, NULL, '2015-04-02', '2015-04-02 13:17:11', 'entry', 'Ariel', 4, NULL, '0.00', '0.00'),
(216, 7, 247, 11, NULL, '2015-04-02', '2015-04-02 13:17:11', 'entry', 'Ariel', 2, NULL, '0.00', '0.00'),
(217, 7, 248, 11, NULL, '2015-04-02', '2015-04-02 13:17:11', 'entry', 'Ariel', 17, NULL, '0.00', '0.00'),
(218, 7, 249, 11, NULL, '2015-04-02', '2015-04-02 13:17:11', 'entry', 'Ariel', 15, NULL, '0.00', '0.00'),
(219, 7, 250, 11, NULL, '2015-04-02', '2015-04-02 13:17:11', 'entry', 'Ariel', 20, NULL, '0.00', '0.00'),
(220, 7, 119, 11, NULL, '2015-04-02', '2015-04-02 13:17:11', 'entry', 'Ariel', 1, NULL, '0.00', '0.00'),
(221, 7, 223, 11, NULL, '2015-04-02', '2015-04-02 13:17:11', 'entry', 'Ariel', 41, NULL, '0.00', '0.00'),
(222, 7, 138, 11, NULL, '2015-04-02', '2015-04-02 13:17:11', 'entry', 'Ariel', 6, NULL, '0.00', '0.00'),
(223, 7, 226, 11, NULL, '2015-04-02', '2015-04-02 13:17:11', 'entry', 'Ariel', 6, NULL, '0.00', '0.00'),
(224, 7, 252, 11, NULL, '2015-04-02', '2015-04-02 13:17:11', 'entry', 'Ariel', 8, NULL, '0.00', '0.00'),
(225, 7, 251, 11, NULL, '2015-04-02', '2015-04-02 13:17:11', 'entry', 'Ariel', 38, NULL, '0.00', '0.00'),
(226, 7, 91, 11, NULL, '2015-04-02', '2015-04-02 13:17:11', 'entry', 'Ariel', 29, NULL, '0.00', '0.00'),
(227, 7, 92, 11, NULL, '2015-04-02', '2015-04-02 13:17:11', 'entry', 'Ariel', 2, NULL, '0.00', '0.00'),
(228, 7, 254, 11, NULL, '2015-04-02', '2015-04-02 13:17:11', 'entry', 'Ariel', 2, NULL, '0.00', '0.00'),
(229, 7, 93, 11, NULL, '2015-04-02', '2015-04-02 13:17:11', 'entry', 'Ariel', 42, NULL, '0.00', '0.00'),
(230, 7, 255, 11, NULL, '2015-04-02', '2015-04-02 13:17:11', 'entry', 'Ariel', 1, NULL, '0.00', '0.00'),
(231, 7, 182, 11, NULL, '2015-04-02', '2015-04-02 13:17:11', 'entry', 'Ariel', 4, NULL, '0.00', '0.00'),
(232, 7, 256, 11, NULL, '2015-04-02', '2015-04-02 13:17:11', 'entry', 'Ariel', 1, NULL, '0.00', '0.00'),
(233, 7, 253, 11, NULL, '2015-04-02', '2015-04-02 13:17:11', 'entry', 'Ariel', 18, NULL, '0.00', '0.00'),
(234, 7, 257, 11, NULL, '2015-04-02', '2015-04-02 13:17:11', 'entry', 'Ariel', 12, NULL, '0.00', '0.00'),
(235, 12, 15, 12, NULL, '2015-04-02', '2015-04-02 14:51:10', 'entry', 'Administrador', 1, NULL, '0.00', '0.00'),
(236, 12, 34, 12, NULL, '2015-04-02', '2015-04-02 14:51:10', 'entry', 'Administrador', 2, NULL, '0.00', '0.00'),
(237, 12, 194, 12, NULL, '2015-04-02', '2015-04-02 14:51:10', 'entry', 'Administrador', 2, NULL, '0.00', '0.00'),
(238, 12, 51, 12, NULL, '2015-04-02', '2015-04-02 14:51:10', 'entry', 'Administrador', 4, NULL, '0.00', '0.00'),
(239, 12, 195, 12, NULL, '2015-04-02', '2015-04-02 14:51:10', 'entry', 'Administrador', 6, NULL, '0.00', '0.00'),
(240, 12, 154, 12, NULL, '2015-04-02', '2015-04-02 14:51:10', 'entry', 'Administrador', 2, NULL, '0.00', '0.00'),
(241, 12, 53, 12, NULL, '2015-04-02', '2015-04-02 14:51:10', 'entry', 'Administrador', 3, NULL, '0.00', '0.00'),
(242, 12, 67, 12, NULL, '2015-04-02', '2015-04-02 14:51:10', 'entry', 'Administrador', 2, NULL, '0.00', '0.00'),
(243, 12, 71, 12, NULL, '2015-04-02', '2015-04-02 14:51:10', 'entry', 'Administrador', 1, NULL, '0.00', '0.00'),
(244, 12, 70, 12, NULL, '2015-04-02', '2015-04-02 14:51:10', 'entry', 'Administrador', 2, NULL, '0.00', '0.00'),
(245, 12, 72, 12, NULL, '2015-04-02', '2015-04-02 14:51:10', 'entry', 'Administrador', 4, NULL, '0.00', '0.00'),
(246, 12, 236, 12, NULL, '2015-04-02', '2015-04-02 14:51:10', 'entry', 'Administrador', 2, NULL, '0.00', '0.00'),
(247, 12, 196, 12, NULL, '2015-04-02', '2015-04-02 14:51:10', 'entry', 'Administrador', 10, NULL, '0.00', '0.00'),
(248, 12, 237, 12, NULL, '2015-04-02', '2015-04-02 14:51:10', 'entry', 'Administrador', 1, NULL, '0.00', '0.00'),
(249, 12, 66, 12, NULL, '2015-04-02', '2015-04-02 14:51:10', 'entry', 'Administrador', 2, NULL, '0.00', '0.00'),
(250, 12, 197, 12, NULL, '2015-04-02', '2015-04-02 14:51:10', 'entry', 'Administrador', 2, NULL, '0.00', '0.00'),
(251, 12, 198, 12, NULL, '2015-04-02', '2015-04-02 14:51:10', 'entry', 'Administrador', 5, NULL, '0.00', '0.00'),
(252, 12, 166, 12, NULL, '2015-04-02', '2015-04-02 14:51:10', 'entry', 'Administrador', 10, NULL, '0.00', '0.00'),
(253, 12, 239, 12, NULL, '2015-04-02', '2015-04-02 14:51:10', 'entry', 'Administrador', 2, NULL, '0.00', '0.00'),
(254, 12, 167, 12, NULL, '2015-04-02', '2015-04-02 14:51:10', 'entry', 'Administrador', 2, NULL, '0.00', '0.00'),
(255, 12, 168, 12, NULL, '2015-04-02', '2015-04-02 14:51:10', 'entry', 'Administrador', 2, NULL, '0.00', '0.00'),
(256, 12, 169, 12, NULL, '2015-04-02', '2015-04-02 14:51:10', 'entry', 'Administrador', 2, NULL, '0.00', '0.00'),
(257, 12, 240, 12, NULL, '2015-04-02', '2015-04-02 14:51:10', 'entry', 'Administrador', 4, NULL, '0.00', '0.00'),
(258, 12, 241, 12, NULL, '2015-04-02', '2015-04-02 14:51:10', 'entry', 'Administrador', 4, NULL, '0.00', '0.00'),
(259, 12, 170, 12, NULL, '2015-04-02', '2015-04-02 14:51:10', 'entry', 'Administrador', 1, NULL, '0.00', '0.00'),
(260, 12, 200, 12, NULL, '2015-04-02', '2015-04-02 14:51:10', 'entry', 'Administrador', 1, NULL, '0.00', '0.00'),
(261, 12, 173, 12, NULL, '2015-04-02', '2015-04-02 14:51:10', 'entry', 'Administrador', 2, NULL, '0.00', '0.00'),
(262, 12, 233, 12, NULL, '2015-04-02', '2015-04-02 14:51:10', 'entry', 'Administrador', 6, NULL, '0.00', '0.00'),
(263, 12, 208, 12, NULL, '2015-04-02', '2015-04-02 14:51:10', 'entry', 'Administrador', 4, NULL, '0.00', '0.00'),
(264, 12, 209, 12, NULL, '2015-04-02', '2015-04-02 14:51:10', 'entry', 'Administrador', 5, NULL, '0.00', '0.00'),
(265, 12, 210, 12, NULL, '2015-04-02', '2015-04-02 14:51:10', 'entry', 'Administrador', 2, NULL, '0.00', '0.00'),
(266, 12, 171, 12, NULL, '2015-04-02', '2015-04-02 14:51:10', 'entry', 'Administrador', 4, NULL, '0.00', '0.00'),
(267, 12, 172, 12, NULL, '2015-04-02', '2015-04-02 14:51:10', 'entry', 'Administrador', 5, NULL, '0.00', '0.00'),
(268, 12, 107, 12, NULL, '2015-04-02', '2015-04-02 14:51:10', 'entry', 'Administrador', 3, NULL, '0.00', '0.00'),
(269, 12, 109, 12, NULL, '2015-04-02', '2015-04-02 14:51:10', 'entry', 'Administrador', 2, NULL, '0.00', '0.00'),
(270, 12, 110, 12, NULL, '2015-04-02', '2015-04-02 14:51:10', 'entry', 'Administrador', 2, NULL, '0.00', '0.00'),
(271, 12, 112, 12, NULL, '2015-04-02', '2015-04-02 14:51:10', 'entry', 'Administrador', 1, NULL, '0.00', '0.00'),
(272, 12, 111, 12, NULL, '2015-04-02', '2015-04-02 14:51:10', 'entry', 'Administrador', 2, NULL, '0.00', '0.00'),
(273, 12, 115, 12, NULL, '2015-04-02', '2015-04-02 14:51:10', 'entry', 'Administrador', 5, NULL, '0.00', '0.00'),
(274, 12, 116, 12, NULL, '2015-04-02', '2015-04-02 14:51:10', 'entry', 'Administrador', 1, NULL, '0.00', '0.00'),
(275, 12, 242, 12, NULL, '2015-04-02', '2015-04-02 14:51:10', 'entry', 'Administrador', 4, NULL, '0.00', '0.00'),
(276, 12, 248, 12, NULL, '2015-04-02', '2015-04-02 14:51:10', 'entry', 'Administrador', 4, NULL, '0.00', '0.00'),
(277, 12, 202, 12, NULL, '2015-04-02', '2015-04-02 14:51:10', 'entry', 'Administrador', 2, NULL, '0.00', '0.00'),
(278, 12, 203, 12, NULL, '2015-04-02', '2015-04-02 14:51:10', 'entry', 'Administrador', 2, NULL, '0.00', '0.00'),
(279, 12, 192, 12, NULL, '2015-04-02', '2015-04-02 14:51:10', 'entry', 'Administrador', 4, NULL, '0.00', '0.00'),
(280, 12, 206, 12, NULL, '2015-04-02', '2015-04-02 14:51:10', 'entry', 'Administrador', 6, NULL, '0.00', '0.00'),
(281, 12, 205, 12, NULL, '2015-04-02', '2015-04-02 14:51:10', 'entry', 'Administrador', 3, NULL, '0.00', '0.00'),
(282, 12, 234, 12, NULL, '2015-04-02', '2015-04-02 14:51:10', 'entry', 'Administrador', 2, NULL, '0.00', '0.00'),
(283, 12, 207, 12, NULL, '2015-04-02', '2015-04-02 14:51:10', 'entry', 'Administrador', 2, NULL, '0.00', '0.00'),
(284, 12, 231, 12, NULL, '2015-04-02', '2015-04-02 14:51:10', 'entry', 'Administrador', 4, NULL, '0.00', '0.00'),
(285, 12, 258, 12, NULL, '2015-04-02', '2015-04-02 14:51:10', 'entry', 'Administrador', 4, NULL, '0.00', '0.00'),
(286, 12, 259, 12, NULL, '2015-04-02', '2015-04-02 14:51:10', 'entry', 'Administrador', 1, NULL, '0.00', '0.00'),
(287, 12, 260, 12, NULL, '2015-04-02', '2015-04-02 14:51:10', 'entry', 'Administrador', 1, NULL, '0.00', '0.00'),
(288, 12, 261, 12, NULL, '2015-04-02', '2015-04-02 14:51:10', 'entry', 'Administrador', 4, NULL, '0.00', '0.00'),
(289, 12, 244, 12, NULL, '2015-04-02', '2015-04-02 14:51:10', 'entry', 'Administrador', 1, NULL, '0.00', '0.00'),
(290, 12, 187, 12, NULL, '2015-04-02', '2015-04-02 14:51:10', 'entry', 'Administrador', 2, NULL, '0.00', '0.00'),
(291, 12, 246, 12, NULL, '2015-04-02', '2015-04-02 14:51:10', 'entry', 'Administrador', 4, NULL, '0.00', '0.00'),
(292, 12, 157, 12, NULL, '2015-04-02', '2015-04-02 14:51:10', 'entry', 'Administrador', 8, NULL, '0.00', '0.00'),
(293, 12, 158, 12, NULL, '2015-04-02', '2015-04-02 14:51:10', 'entry', 'Administrador', 15, NULL, '0.00', '0.00'),
(294, 12, 186, 12, NULL, '2015-04-02', '2015-04-02 14:51:10', 'entry', 'Administrador', 3, NULL, '0.00', '0.00'),
(295, 12, 185, 12, NULL, '2015-04-02', '2015-04-02 14:51:10', 'entry', 'Administrador', 1, NULL, '0.00', '0.00'),
(296, 12, 257, 12, NULL, '2015-04-02', '2015-04-02 14:51:10', 'entry', 'Administrador', 2, NULL, '0.00', '0.00'),
(297, 12, 78, 12, NULL, '2015-04-02', '2015-04-02 14:51:10', 'entry', 'Administrador', 4, NULL, '0.00', '0.00'),
(298, 12, 211, 12, NULL, '2015-04-02', '2015-04-02 14:51:10', 'entry', 'Administrador', 2, NULL, '0.00', '0.00'),
(299, 12, 212, 12, NULL, '2015-04-02', '2015-04-02 14:51:10', 'entry', 'Administrador', 1, NULL, '0.00', '0.00'),
(300, 12, 218, 12, NULL, '2015-04-02', '2015-04-02 14:51:10', 'entry', 'Administrador', 2, NULL, '0.00', '0.00'),
(301, 12, 215, 12, NULL, '2015-04-02', '2015-04-02 14:51:10', 'entry', 'Administrador', 2, NULL, '0.00', '0.00'),
(302, 12, 247, 12, NULL, '2015-04-02', '2015-04-02 14:51:10', 'entry', 'Administrador', 1, NULL, '0.00', '0.00'),
(303, 12, 220, 12, NULL, '2015-04-02', '2015-04-02 14:51:10', 'entry', 'Administrador', 1, NULL, '0.00', '0.00'),
(304, 12, 249, 12, NULL, '2015-04-02', '2015-04-02 14:51:10', 'entry', 'Administrador', 2, NULL, '0.00', '0.00'),
(305, 12, 183, 12, NULL, '2015-04-02', '2015-04-02 14:51:10', 'entry', 'Administrador', 3, NULL, '0.00', '0.00'),
(306, 12, 181, 12, NULL, '2015-04-02', '2015-04-02 14:51:10', 'entry', 'Administrador', 2, NULL, '0.00', '0.00'),
(307, 12, 118, 12, NULL, '2015-04-02', '2015-04-02 14:51:10', 'entry', 'Administrador', 5, NULL, '0.00', '0.00'),
(308, 12, 250, 12, NULL, '2015-04-02', '2015-04-02 14:51:10', 'entry', 'Administrador', 20, NULL, '0.00', '0.00'),
(309, 12, 176, 12, NULL, '2015-04-02', '2015-04-02 14:51:10', 'entry', 'Administrador', 19, NULL, '0.00', '0.00'),
(310, 12, 174, 12, NULL, '2015-04-02', '2015-04-02 14:51:10', 'entry', 'Administrador', 20, NULL, '0.00', '0.00'),
(311, 12, 119, 12, NULL, '2015-04-02', '2015-04-02 14:51:10', 'entry', 'Administrador', 4, NULL, '0.00', '0.00'),
(312, 12, 252, 12, NULL, '2015-04-02', '2015-04-02 14:51:10', 'entry', 'Administrador', 6, NULL, '0.00', '0.00'),
(313, 12, 223, 12, NULL, '2015-04-02', '2015-04-02 14:51:10', 'entry', 'Administrador', 31, NULL, '0.00', '0.00'),
(314, 12, 253, 12, NULL, '2015-04-02', '2015-04-02 14:51:10', 'entry', 'Administrador', 2, NULL, '0.00', '0.00'),
(315, 12, 226, 12, NULL, '2015-04-02', '2015-04-02 14:51:10', 'entry', 'Administrador', 4, NULL, '0.00', '0.00'),
(316, 12, 227, 12, NULL, '2015-04-02', '2015-04-02 14:51:10', 'entry', 'Administrador', 3, NULL, '0.00', '0.00'),
(317, 12, 228, 12, NULL, '2015-04-02', '2015-04-02 14:51:10', 'entry', 'Administrador', 1, NULL, '0.00', '0.00'),
(318, 12, 229, 12, NULL, '2015-04-02', '2015-04-02 14:51:10', 'entry', 'Administrador', 16, NULL, '0.00', '0.00'),
(319, 12, 230, 12, NULL, '2015-04-02', '2015-04-02 14:51:10', 'entry', 'Administrador', 11, NULL, '0.00', '0.00'),
(320, 12, 138, 12, NULL, '2015-04-02', '2015-04-02 14:51:10', 'entry', 'Administrador', 10, NULL, '0.00', '0.00'),
(321, 12, 251, 12, NULL, '2015-04-02', '2015-04-02 14:51:10', 'entry', 'Administrador', 4, NULL, '0.00', '0.00'),
(322, 12, 91, 12, NULL, '2015-04-02', '2015-04-02 14:51:10', 'entry', 'Administrador', 2, NULL, '0.00', '0.00'),
(323, 12, 92, 12, NULL, '2015-04-02', '2015-04-02 14:51:10', 'entry', 'Administrador', 11, NULL, '0.00', '0.00'),
(324, 12, 254, 12, NULL, '2015-04-02', '2015-04-02 14:51:10', 'entry', 'Administrador', 2, NULL, '0.00', '0.00'),
(325, 12, 93, 12, NULL, '2015-04-02', '2015-04-02 14:51:10', 'entry', 'Administrador', 6, NULL, '0.00', '0.00'),
(326, 12, 255, 12, NULL, '2015-04-02', '2015-04-02 14:51:10', 'entry', 'Administrador', 2, NULL, '0.00', '0.00'),
(327, 12, 182, 12, NULL, '2015-04-02', '2015-04-02 14:51:10', 'entry', 'Administrador', 2, NULL, '0.00', '0.00'),
(328, 12, 98, 12, NULL, '2015-04-02', '2015-04-02 14:51:10', 'entry', 'Administrador', 1, NULL, '0.00', '0.00'),
(329, 12, 100, 12, NULL, '2015-04-02', '2015-04-02 14:51:10', 'entry', 'Administrador', 2, NULL, '0.00', '0.00'),
(330, 12, 103, 12, NULL, '2015-04-02', '2015-04-02 14:51:10', 'entry', 'Administrador', 2, NULL, '0.00', '0.00'),
(331, 12, 149, 12, NULL, '2015-04-02', '2015-04-02 14:51:10', 'entry', 'Administrador', 9, NULL, '0.00', '0.00'),
(332, 12, 263, 12, NULL, '2015-04-02', '2015-04-02 14:51:10', 'entry', 'Administrador', 23, NULL, '0.00', '0.00'),
(333, 12, 264, 12, NULL, '2015-04-02', '2015-04-02 14:51:10', 'entry', 'Administrador', 14, NULL, '0.00', '0.00'),
(334, 12, 150, 12, NULL, '2015-04-02', '2015-04-02 14:51:10', 'entry', 'Administrador', 24, NULL, '0.00', '0.00'),
(335, 12, 265, 12, NULL, '2015-04-02', '2015-04-02 14:51:10', 'entry', 'Administrador', 14, NULL, '0.00', '0.00'),
(336, 12, 266, 12, NULL, '2015-04-02', '2015-04-02 14:51:10', 'entry', 'Administrador', 30, NULL, '0.00', '0.00'),
(337, 12, 267, 12, NULL, '2015-04-02', '2015-04-02 14:51:10', 'entry', 'Administrador', 42, NULL, '0.00', '0.00'),
(338, 12, 268, 12, NULL, '2015-04-02', '2015-04-02 14:51:10', 'entry', 'Administrador', 20, NULL, '0.00', '0.00'),
(339, 7, 154, NULL, NULL, '2015-04-02', '2015-04-02 16:29:29', 'sale', '', 4, NULL, '9744.00', '0.00'),
(340, 7, 92, NULL, NULL, '2015-04-02', '2015-04-02 16:29:29', 'sale', '', 2, NULL, '3758.00', '0.00'),
(341, 7, 223, NULL, 12, '2015-04-02', '2015-04-02 16:33:20', 'out', 'alfredo', 40, NULL, '0.00', '0.00'),
(342, 12, 223, NULL, 7, '2015-04-02', '2015-04-02 16:33:20', 'entry', 'alfredo', 40, NULL, '0.00', '0.00'),
(343, 7, 187, NULL, NULL, '2015-04-02', '2015-04-02 16:39:22', 'sale', '', 2, NULL, '0.00', '0.00'),
(344, 7, 118, NULL, NULL, '2015-04-02', '2015-04-02 16:44:12', 'sale', '', 2, NULL, '2290.00', '0.00'),
(345, 7, 154, NULL, NULL, '2015-04-02', '2015-04-02 16:44:12', 'sale', '', 4, 9, '0.00', '1360.00'),
(346, 7, 251, NULL, NULL, '2015-04-02', '2015-04-02 16:58:52', 'sale', '', 4, NULL, '0.00', '1000.00'),
(347, 7, 196, NULL, NULL, '2015-04-02', '2015-04-02 16:58:52', 'sale', '', 2, NULL, '2560.00', '0.00'),
(348, 12, 48, NULL, NULL, '2015-04-02', '2015-04-02 17:08:11', 'sale', '', 1, NULL, '0.00', '340.00'),
(349, 12, 202, NULL, NULL, '2015-04-02', '2015-04-02 17:07:30', 'sale', '', 1, NULL, '0.00', '340.00'),
(350, 7, 91, NULL, NULL, '2015-04-02', '2015-04-02 18:50:45', 'sale', '', 4, 10, '0.00', '0.00'),
(351, 7, 93, NULL, NULL, '2015-04-02', '2015-04-02 18:50:45', 'sale', '', 4, 10, '0.00', '0.00'),
(352, 7, 251, NULL, NULL, '2015-04-02', '2015-04-02 18:50:45', 'sale', '', 4, 10, '0.00', '0.00'),
(353, 7, 154, NULL, NULL, '2015-04-03', '2015-04-03 13:45:59', 'sale', '', 2, NULL, '0.00', '700.00'),
(354, 12, 248, NULL, 8, '2015-04-04', '2015-04-04 14:15:46', 'out', '', 2, NULL, '0.00', '0.00'),
(355, 8, 248, NULL, 12, '2015-04-04', '2015-04-04 14:15:46', 'entry', '', 2, NULL, '0.00', '0.00'),
(356, 12, 269, 12, NULL, '2015-04-04', '2015-04-04 14:23:14', 'entry', 'Administrador', 2, NULL, '0.00', '0.00'),
(357, 12, 218, NULL, NULL, '2015-04-04', '2015-04-04 14:43:47', 'sale', '', 1, NULL, '278.00', '200.00'),
(360, 12, 92, NULL, NULL, '2015-04-04', '2015-04-04 15:01:47', 'sale', '', 2, NULL, '3758.00', '0.00'),
(365, 12, 196, NULL, NULL, '2015-04-04', '2015-04-04 18:44:12', 'sale', '', 2, NULL, '2436.00', '0.00'),
(366, 12, 92, NULL, NULL, '2015-04-04', '2015-04-04 18:46:21', 'sale', '', 4, NULL, '7516.00', '0.00'),
(367, 12, 92, NULL, NULL, '2015-04-04', '2015-04-04 18:49:10', 'sale', '', 3, NULL, '4245.00', '200.00'),
(368, 12, 248, NULL, NULL, '2015-04-04', '2015-04-04 18:50:51', 'sale', '', 1, NULL, '2714.00', '0.00'),
(369, 12, 91, NULL, NULL, '2015-04-06', '2015-04-06 18:08:05', 'sale', '', 4, NULL, '8212.00', '0.00'),
(370, 12, 93, NULL, NULL, '2015-04-06', '2015-04-06 18:09:45', 'sale', '', 2, NULL, '278.00', '500.00'),
(371, 7, 251, NULL, NULL, '2015-04-06', '2015-04-06 19:04:31', 'sale', '', 4, 11, '0.00', '0.00'),
(373, 7, 192, NULL, NULL, '2015-04-06', '2015-04-06 19:12:03', 'sale', '', 8, 12, '0.00', '0.00'),
(374, 7, 93, NULL, NULL, '2015-04-06', '2015-04-06 19:13:47', 'sale', '', 2, NULL, '3619.00', '0.00'),
(375, 7, 187, NULL, NULL, '2015-04-06', '2015-04-06 19:13:47', 'sale', '', 8, 15, '0.00', '0.00'),
(376, 7, 154, NULL, NULL, '2015-04-06', '2015-04-06 19:15:38', 'sale', '', 4, 17, '0.00', '0.00'),
(377, 7, 192, NULL, NULL, '2015-04-06', '2015-04-06 19:23:56', 'sale', '', 2, 16, '0.00', '0.00'),
(378, 7, 92, NULL, NULL, '2015-04-06', '2015-04-06 19:23:56', 'sale', '', 2, NULL, '3758.00', '0.00'),
(379, 7, 192, NULL, NULL, '2015-04-06', '2015-04-06 19:23:56', 'sale', '', 2, 13, '0.00', '0.00'),
(380, 7, 192, NULL, NULL, '2015-04-06', '2015-04-06 19:23:56', 'sale', '', 1, 14, '0.00', '0.00'),
(381, 7, 192, NULL, NULL, '2015-04-06', '2015-04-06 19:23:56', 'sale', '', 2, NULL, '4590.00', '0.00');

-- --------------------------------------------------------

--
-- Table structure for table `stock`
--

DROP TABLE IF EXISTS `stock`;
CREATE TABLE IF NOT EXISTS `stock` (
  `id` int(5) NOT NULL AUTO_INCREMENT,
  `tyre_id` int(5) NOT NULL,
  `store_id` int(5) DEFAULT NULL,
  `shop_id` int(5) DEFAULT NULL,
  `quantity` int(10) NOT NULL DEFAULT '0',
  PRIMARY KEY (`id`),
  KEY `tyre_id` (`tyre_id`,`store_id`,`shop_id`),
  KEY `store_id` (`store_id`),
  KEY `shop_id` (`shop_id`)
) ENGINE=InnoDB  DEFAULT CHARSET=utf8 AUTO_INCREMENT=714 ;

--
-- Dumping data for table `stock`
--

INSERT INTO `stock` (`id`, `tyre_id`, `store_id`, `shop_id`, `quantity`) VALUES
(320, 29, 11, NULL, 0),
(321, 34, 11, NULL, 0),
(322, 194, 11, NULL, 0),
(323, 33, 11, NULL, 0),
(324, 41, 11, NULL, 0),
(325, 53, 11, NULL, 0),
(326, 205, 11, NULL, 0),
(327, 52, 11, NULL, 0),
(328, 188, 11, NULL, 0),
(329, 199, 11, NULL, 0),
(330, 29, NULL, 7, 1),
(331, 34, NULL, 7, 2),
(332, 194, NULL, 7, 6),
(333, 33, NULL, 7, 25),
(334, 41, NULL, 7, 1),
(335, 53, NULL, 7, 11),
(336, 205, NULL, 7, 41),
(337, 52, NULL, 7, 10),
(338, 188, NULL, 7, 3),
(339, 199, NULL, 7, 12),
(340, 154, 11, NULL, 0),
(341, 71, 11, NULL, 0),
(342, 72, 11, NULL, 0),
(343, 185, 11, NULL, 0),
(344, 196, 11, NULL, 0),
(345, 66, 11, NULL, 0),
(346, 236, 11, NULL, 0),
(347, 237, 11, NULL, 0),
(348, 238, 11, NULL, 0),
(349, 166, 11, NULL, 0),
(350, 167, 11, NULL, 0),
(351, 168, 11, NULL, 0),
(352, 169, 11, NULL, 0),
(353, 170, 11, NULL, 0),
(354, 200, 11, NULL, 0),
(355, 233, 11, NULL, 0),
(356, 239, 11, NULL, 0),
(357, 240, 11, NULL, 0),
(358, 241, 11, NULL, 0),
(359, 209, 11, NULL, 0),
(360, 210, 11, NULL, 0),
(361, 171, 11, NULL, 0),
(362, 172, 11, NULL, 0),
(363, 197, 11, NULL, 0),
(364, 106, 11, NULL, 0),
(365, 107, 11, NULL, 0),
(366, 154, NULL, 7, 24),
(367, 71, NULL, 7, 11),
(368, 72, NULL, 7, 1),
(369, 185, NULL, 7, 1),
(370, 196, NULL, 7, 16),
(371, 66, NULL, 7, 17),
(372, 236, NULL, 7, 8),
(373, 237, NULL, 7, 20),
(374, 238, NULL, 7, 4),
(375, 166, NULL, 7, 16),
(376, 167, NULL, 7, 8),
(377, 168, NULL, 7, 8),
(378, 169, NULL, 7, 8),
(379, 170, NULL, 7, 2),
(380, 200, NULL, 7, 2),
(381, 233, NULL, 7, 10),
(382, 239, NULL, 7, 8),
(383, 240, NULL, 7, 8),
(384, 241, NULL, 7, 24),
(385, 209, NULL, 7, 16),
(386, 210, NULL, 7, 2),
(387, 171, NULL, 7, 46),
(388, 172, NULL, 7, 15),
(389, 197, NULL, 7, 1),
(390, 106, NULL, 7, 5),
(391, 107, NULL, 7, 1),
(392, 110, 11, NULL, 0),
(393, 112, 11, NULL, 0),
(394, 115, 11, NULL, 0),
(395, 126, 11, NULL, 0),
(396, 123, 11, NULL, 0),
(397, 124, 11, NULL, 0),
(398, 44, 11, NULL, 0),
(399, 161, 11, NULL, 0),
(400, 202, 11, NULL, 0),
(401, 242, 11, NULL, 0),
(402, 243, 11, NULL, 0),
(403, 203, 11, NULL, 0),
(404, 192, 11, NULL, 0),
(405, 204, 11, NULL, 0),
(406, 206, 11, NULL, 0),
(407, 207, 11, NULL, 0),
(408, 231, 11, NULL, 0),
(409, 244, 11, NULL, 0),
(410, 65, 11, NULL, 0),
(411, 187, 11, NULL, 0),
(412, 157, 11, NULL, 0),
(413, 158, 11, NULL, 0),
(414, 186, 11, NULL, 0),
(415, 78, 11, NULL, 0),
(416, 211, 11, NULL, 0),
(417, 212, 11, NULL, 0),
(418, 245, 11, NULL, 0),
(419, 246, 11, NULL, 0),
(420, 213, 11, NULL, 0),
(421, 218, 11, NULL, 0),
(422, 214, 11, NULL, 0),
(423, 222, 11, NULL, 0),
(424, 183, 11, NULL, 0),
(425, 181, 11, NULL, 0),
(426, 118, 11, NULL, 0),
(427, 176, 11, NULL, 0),
(428, 247, 11, NULL, 0),
(429, 248, 11, NULL, 0),
(430, 249, 11, NULL, 0),
(431, 250, 11, NULL, 0),
(432, 119, 11, NULL, 0),
(433, 223, 11, NULL, 0),
(434, 138, 11, NULL, 0),
(435, 226, 11, NULL, 0),
(436, 252, 11, NULL, 0),
(437, 251, 11, NULL, 0),
(438, 91, 11, NULL, 0),
(439, 92, 11, NULL, 0),
(440, 254, 11, NULL, 0),
(441, 93, 11, NULL, 0),
(442, 255, 11, NULL, 0),
(443, 182, 11, NULL, 0),
(444, 256, 11, NULL, 0),
(445, 253, 11, NULL, 0),
(446, 257, 11, NULL, 0),
(447, 110, NULL, 7, 6),
(448, 112, NULL, 7, 2),
(449, 115, NULL, 7, 2),
(450, 126, NULL, 7, 4),
(451, 123, NULL, 7, 3),
(452, 124, NULL, 7, 1),
(453, 44, NULL, 7, 10),
(454, 161, NULL, 7, 6),
(455, 202, NULL, 7, 5),
(456, 242, NULL, 7, 3),
(457, 243, NULL, 7, 1),
(458, 203, NULL, 7, 22),
(459, 192, NULL, 7, -2),
(460, 204, NULL, 7, 12),
(461, 206, NULL, 7, 18),
(462, 207, NULL, 7, 18),
(463, 231, NULL, 7, 5),
(464, 244, NULL, 7, 1),
(465, 65, NULL, 7, 5),
(466, 187, NULL, 7, 12),
(467, 157, NULL, 7, 1),
(468, 158, NULL, 7, 15),
(469, 186, NULL, 7, 56),
(470, 78, NULL, 7, 18),
(471, 211, NULL, 7, 8),
(472, 212, NULL, 7, 2),
(473, 245, NULL, 7, 1),
(474, 246, NULL, 7, 11),
(475, 213, NULL, 7, 10),
(476, 218, NULL, 7, 6),
(477, 214, NULL, 7, 1),
(478, 222, NULL, 7, 1),
(479, 183, NULL, 7, 17),
(480, 181, NULL, 7, 2),
(481, 118, NULL, 7, 50),
(482, 176, NULL, 7, 4),
(483, 247, NULL, 7, 2),
(484, 248, NULL, 7, 17),
(485, 249, NULL, 7, 15),
(486, 250, NULL, 7, 20),
(487, 119, NULL, 7, 1),
(488, 223, NULL, 7, 1),
(489, 138, NULL, 7, 6),
(490, 226, NULL, 7, 6),
(491, 252, NULL, 7, 8),
(492, 251, NULL, 7, 26),
(493, 91, NULL, 7, 25),
(494, 92, NULL, 7, -2),
(495, 254, NULL, 7, 2),
(496, 93, NULL, 7, 36),
(497, 255, NULL, 7, 1),
(498, 182, NULL, 7, 4),
(499, 256, NULL, 7, 1),
(500, 253, NULL, 7, 18),
(501, 257, NULL, 7, 12),
(502, 15, 12, NULL, 0),
(503, 34, 12, NULL, 0),
(504, 194, 12, NULL, 0),
(505, 51, 12, NULL, 0),
(506, 195, 12, NULL, 0),
(507, 154, 12, NULL, 0),
(508, 53, 12, NULL, 0),
(509, 67, 12, NULL, 0),
(510, 71, 12, NULL, 0),
(511, 70, 12, NULL, 0),
(512, 72, 12, NULL, 0),
(513, 236, 12, NULL, 0),
(514, 196, 12, NULL, 0),
(515, 237, 12, NULL, 0),
(516, 66, 12, NULL, 0),
(517, 197, 12, NULL, 0),
(518, 198, 12, NULL, 0),
(519, 166, 12, NULL, 0),
(520, 239, 12, NULL, 0),
(521, 167, 12, NULL, 0),
(522, 168, 12, NULL, 0),
(523, 169, 12, NULL, 0),
(524, 240, 12, NULL, 0),
(525, 241, 12, NULL, 0),
(526, 170, 12, NULL, 0),
(527, 200, 12, NULL, 0),
(528, 173, 12, NULL, 0),
(529, 233, 12, NULL, 0),
(530, 208, 12, NULL, 0),
(531, 209, 12, NULL, 0),
(532, 210, 12, NULL, 0),
(533, 171, 12, NULL, 0),
(534, 172, 12, NULL, 0),
(535, 107, 12, NULL, 0),
(536, 109, 12, NULL, 0),
(537, 110, 12, NULL, 0),
(538, 112, 12, NULL, 0),
(539, 111, 12, NULL, 0),
(540, 115, 12, NULL, 0),
(541, 116, 12, NULL, 0),
(542, 242, 12, NULL, 0),
(543, 248, 12, NULL, 0),
(544, 202, 12, NULL, 0),
(545, 203, 12, NULL, 0),
(546, 192, 12, NULL, 0),
(547, 206, 12, NULL, 0),
(548, 205, 12, NULL, 0),
(549, 234, 12, NULL, 0),
(550, 207, 12, NULL, 0),
(551, 231, 12, NULL, 0),
(552, 258, 12, NULL, 0),
(553, 259, 12, NULL, 0),
(554, 260, 12, NULL, 0),
(555, 261, 12, NULL, 0),
(556, 244, 12, NULL, 0),
(557, 187, 12, NULL, 0),
(558, 246, 12, NULL, 0),
(559, 157, 12, NULL, 0),
(560, 158, 12, NULL, 0),
(561, 186, 12, NULL, 0),
(562, 185, 12, NULL, 0),
(563, 257, 12, NULL, 0),
(564, 78, 12, NULL, 0),
(565, 211, 12, NULL, 0),
(566, 212, 12, NULL, 0),
(567, 218, 12, NULL, 0),
(568, 215, 12, NULL, 0),
(569, 247, 12, NULL, 0),
(570, 220, 12, NULL, 0),
(571, 249, 12, NULL, 0),
(572, 183, 12, NULL, 0),
(573, 181, 12, NULL, 0),
(574, 118, 12, NULL, 0),
(575, 250, 12, NULL, 0),
(576, 176, 12, NULL, 0),
(577, 174, 12, NULL, 0),
(578, 119, 12, NULL, 0),
(579, 252, 12, NULL, 0),
(580, 223, 12, NULL, 0),
(581, 253, 12, NULL, 0),
(582, 226, 12, NULL, 0),
(583, 227, 12, NULL, 0),
(584, 228, 12, NULL, 0),
(585, 229, 12, NULL, 0),
(586, 230, 12, NULL, 0),
(587, 138, 12, NULL, 0),
(588, 251, 12, NULL, 0),
(589, 91, 12, NULL, 0),
(590, 92, 12, NULL, 0),
(591, 254, 12, NULL, 0),
(592, 93, 12, NULL, 0),
(593, 255, 12, NULL, 0),
(594, 182, 12, NULL, 0),
(595, 98, 12, NULL, 0),
(596, 100, 12, NULL, 0),
(597, 103, 12, NULL, 0),
(598, 149, 12, NULL, 0),
(599, 263, 12, NULL, 0),
(600, 264, 12, NULL, 0),
(601, 150, 12, NULL, 0),
(602, 265, 12, NULL, 0),
(603, 266, 12, NULL, 0),
(604, 267, 12, NULL, 0),
(605, 268, 12, NULL, 0),
(606, 15, NULL, 12, 1),
(607, 34, NULL, 12, 2),
(608, 194, NULL, 12, 2),
(609, 51, NULL, 12, 4),
(610, 195, NULL, 12, 6),
(611, 154, NULL, 12, 2),
(612, 53, NULL, 12, 3),
(613, 67, NULL, 12, 2),
(614, 71, NULL, 12, 1),
(615, 70, NULL, 12, 2),
(616, 72, NULL, 12, 4),
(617, 236, NULL, 12, 2),
(618, 196, NULL, 12, 8),
(619, 237, NULL, 12, 1),
(620, 66, NULL, 12, 2),
(621, 197, NULL, 12, 2),
(622, 198, NULL, 12, 5),
(623, 166, NULL, 12, 10),
(624, 239, NULL, 12, 2),
(625, 167, NULL, 12, 2),
(626, 168, NULL, 12, 2),
(627, 169, NULL, 12, 2),
(628, 240, NULL, 12, 4),
(629, 241, NULL, 12, 4),
(630, 170, NULL, 12, 1),
(631, 200, NULL, 12, 1),
(632, 173, NULL, 12, 2),
(633, 233, NULL, 12, 6),
(634, 208, NULL, 12, 4),
(635, 209, NULL, 12, 5),
(636, 210, NULL, 12, 2),
(637, 171, NULL, 12, 4),
(638, 172, NULL, 12, 5),
(639, 107, NULL, 12, 3),
(640, 109, NULL, 12, 2),
(641, 110, NULL, 12, 2),
(642, 112, NULL, 12, 1),
(643, 111, NULL, 12, 2),
(644, 115, NULL, 12, 5),
(645, 116, NULL, 12, 1),
(646, 242, NULL, 12, 4),
(647, 248, NULL, 12, 1),
(648, 202, NULL, 12, 1),
(649, 203, NULL, 12, 2),
(650, 192, NULL, 12, 4),
(651, 206, NULL, 12, 6),
(652, 205, NULL, 12, 3),
(653, 234, NULL, 12, 2),
(654, 207, NULL, 12, 2),
(655, 231, NULL, 12, 4),
(656, 258, NULL, 12, 4),
(657, 259, NULL, 12, 1),
(658, 260, NULL, 12, 1),
(659, 261, NULL, 12, 4),
(660, 244, NULL, 12, 1),
(661, 187, NULL, 12, 2),
(662, 246, NULL, 12, 4),
(663, 157, NULL, 12, 8),
(664, 158, NULL, 12, 15),
(665, 186, NULL, 12, 3),
(666, 185, NULL, 12, 1),
(667, 257, NULL, 12, 2),
(668, 78, NULL, 12, 4),
(669, 211, NULL, 12, 2),
(670, 212, NULL, 12, 1),
(671, 218, NULL, 12, 1),
(672, 215, NULL, 12, 2),
(673, 247, NULL, 12, 1),
(674, 220, NULL, 12, 1),
(675, 249, NULL, 12, 2),
(676, 183, NULL, 12, 3),
(677, 181, NULL, 12, 2),
(678, 118, NULL, 12, 5),
(679, 250, NULL, 12, 20),
(680, 176, NULL, 12, 19),
(681, 174, NULL, 12, 20),
(682, 119, NULL, 12, 4),
(683, 252, NULL, 12, 6),
(684, 223, NULL, 12, 71),
(685, 253, NULL, 12, 2),
(686, 226, NULL, 12, 4),
(687, 227, NULL, 12, 3),
(688, 228, NULL, 12, 1),
(689, 229, NULL, 12, 16),
(690, 230, NULL, 12, 11),
(691, 138, NULL, 12, 10),
(692, 251, NULL, 12, 4),
(693, 91, NULL, 12, -2),
(694, 92, NULL, 12, 2),
(695, 254, NULL, 12, 2),
(696, 93, NULL, 12, 4),
(697, 255, NULL, 12, 2),
(698, 182, NULL, 12, 2),
(699, 98, NULL, 12, 1),
(700, 100, NULL, 12, 2),
(701, 103, NULL, 12, 2),
(702, 149, NULL, 12, 9),
(703, 263, NULL, 12, 23),
(704, 264, NULL, 12, 14),
(705, 150, NULL, 12, 24),
(706, 265, NULL, 12, 14),
(707, 266, NULL, 12, 30),
(708, 267, NULL, 12, 42),
(709, 268, NULL, 12, 20),
(710, 48, NULL, 12, -1),
(711, 248, NULL, 8, 2),
(712, 269, 12, NULL, 0),
(713, 269, NULL, 12, 2);

-- --------------------------------------------------------

--
-- Table structure for table `store`
--

DROP TABLE IF EXISTS `store`;
CREATE TABLE IF NOT EXISTS `store` (
  `store_id` int(5) NOT NULL AUTO_INCREMENT,
  `store_name` varchar(25) NOT NULL,
  `store_virtual` int(5) DEFAULT NULL,
  `store_info` text NOT NULL,
  PRIMARY KEY (`store_id`),
  UNIQUE KEY `store_id` (`store_id`),
  KEY `store_id_2` (`store_id`),
  KEY `store_virtual` (`store_virtual`)
) ENGINE=InnoDB  DEFAULT CHARSET=utf8 AUTO_INCREMENT=13 ;

--
-- Dumping data for table `store`
--

INSERT INTO `store` (`store_id`, `store_name`, `store_virtual`, `store_info`) VALUES
(6, 'Deposito CHACO', NULL, 'Chaco'),
(7, 'Deposito FILIMON', NULL, ''),
(8, 'Deposito GRECO', NULL, ''),
(9, 'Deposito ALEX', NULL, ''),
(10, 'Deposito Huayna K.', 8, ''),
(11, 'Deposito SARDINA', 7, ''),
(12, 'Chiriguano', 12, 'chiriguano');

-- --------------------------------------------------------

--
-- Table structure for table `store_entries_outs`
--

DROP TABLE IF EXISTS `store_entries_outs`;
CREATE TABLE IF NOT EXISTS `store_entries_outs` (
  `id` int(5) NOT NULL AUTO_INCREMENT,
  `store_id` int(5) NOT NULL,
  `tyre_id` int(5) NOT NULL,
  `supplier_id` int(5) DEFAULT NULL,
  `invoice_id` int(5) DEFAULT NULL,
  `dest_store` int(5) DEFAULT NULL,
  `dest_shop` int(5) DEFAULT NULL,
  `date` date NOT NULL,
  `entry_out` varchar(5) NOT NULL,
  `employee` text NOT NULL,
  `amount` int(10) NOT NULL DEFAULT '0',
  PRIMARY KEY (`id`),
  UNIQUE KEY `id` (`id`),
  KEY `store_id` (`store_id`),
  KEY `tyre_id` (`tyre_id`),
  KEY `supplier_id` (`supplier_id`),
  KEY `invoice_id` (`invoice_id`),
  KEY `dest_store` (`dest_store`),
  KEY `dest_shop` (`dest_shop`)
) ENGINE=InnoDB  DEFAULT CHARSET=utf8 AUTO_INCREMENT=718 ;

--
-- Dumping data for table `store_entries_outs`
--

INSERT INTO `store_entries_outs` (`id`, `store_id`, `tyre_id`, `supplier_id`, `invoice_id`, `dest_store`, `dest_shop`, `date`, `entry_out`, `employee`, `amount`) VALUES
(325, 11, 29, 18, 18, NULL, NULL, '2015-04-01', 'entry', '', 1),
(326, 11, 34, 18, 18, NULL, NULL, '2015-04-01', 'entry', '', 2),
(327, 11, 194, 18, 18, NULL, NULL, '2015-04-01', 'entry', '', 6),
(328, 11, 33, 18, 18, NULL, NULL, '2015-04-01', 'entry', '', 25),
(329, 11, 41, 18, 18, NULL, NULL, '2015-04-01', 'entry', '', 1),
(330, 11, 53, 18, 18, NULL, NULL, '2015-04-01', 'entry', '', 11),
(331, 11, 205, 18, 18, NULL, NULL, '2015-04-01', 'entry', '', 41),
(332, 11, 52, 18, 18, NULL, NULL, '2015-04-01', 'entry', '', 10),
(333, 11, 188, 18, 18, NULL, NULL, '2015-04-01', 'entry', '', 3),
(334, 11, 199, 18, 18, NULL, NULL, '2015-04-01', 'entry', '', 12),
(335, 11, 29, NULL, NULL, NULL, 7, '2015-04-01', 'out', 'Ariel', 1),
(336, 11, 34, NULL, NULL, NULL, 7, '2015-04-01', 'out', 'Ariel', 2),
(337, 11, 194, NULL, NULL, NULL, 7, '2015-04-01', 'out', 'Ariel', 6),
(338, 11, 33, NULL, NULL, NULL, 7, '2015-04-01', 'out', 'Ariel', 25),
(339, 11, 41, NULL, NULL, NULL, 7, '2015-04-01', 'out', 'Ariel', 1),
(340, 11, 53, NULL, NULL, NULL, 7, '2015-04-01', 'out', 'Ariel', 11),
(341, 11, 205, NULL, NULL, NULL, 7, '2015-04-01', 'out', 'Ariel', 41),
(342, 11, 52, NULL, NULL, NULL, 7, '2015-04-01', 'out', 'Ariel', 10),
(343, 11, 188, NULL, NULL, NULL, 7, '2015-04-01', 'out', 'Ariel', 3),
(344, 11, 199, NULL, NULL, NULL, 7, '2015-04-01', 'out', 'Ariel', 12),
(345, 11, 154, 18, 18, NULL, NULL, '2015-04-01', 'entry', '', 38),
(346, 11, 71, 18, 18, NULL, NULL, '2015-04-01', 'entry', '', 11),
(347, 11, 72, 18, 18, NULL, NULL, '2015-04-01', 'entry', '', 1),
(348, 11, 185, 18, 18, NULL, NULL, '2015-04-01', 'entry', '', 1),
(349, 11, 196, 18, 18, NULL, NULL, '2015-04-01', 'entry', '', 18),
(350, 11, 66, 18, 18, NULL, NULL, '2015-04-01', 'entry', '', 17),
(351, 11, 236, 18, 18, NULL, NULL, '2015-04-01', 'entry', '', 8),
(352, 11, 237, 18, 18, NULL, NULL, '2015-04-01', 'entry', '', 20),
(353, 11, 238, 18, 18, NULL, NULL, '2015-04-01', 'entry', '', 4),
(354, 11, 166, 18, 18, NULL, NULL, '2015-04-01', 'entry', '', 16),
(355, 11, 167, 18, 18, NULL, NULL, '2015-04-01', 'entry', '', 8),
(356, 11, 168, 18, 18, NULL, NULL, '2015-04-01', 'entry', '', 8),
(357, 11, 169, 18, 18, NULL, NULL, '2015-04-01', 'entry', '', 8),
(358, 11, 170, 18, 18, NULL, NULL, '2015-04-01', 'entry', '', 2),
(359, 11, 200, 18, 18, NULL, NULL, '2015-04-01', 'entry', '', 2),
(360, 11, 233, 18, 18, NULL, NULL, '2015-04-01', 'entry', '', 10),
(361, 11, 239, 18, 18, NULL, NULL, '2015-04-01', 'entry', '', 8),
(362, 11, 240, 18, 18, NULL, NULL, '2015-04-01', 'entry', '', 8),
(363, 11, 241, 18, 18, NULL, NULL, '2015-04-01', 'entry', '', 24),
(364, 11, 209, 18, 18, NULL, NULL, '2015-04-01', 'entry', '', 16),
(365, 11, 210, 18, 18, NULL, NULL, '2015-04-01', 'entry', '', 2),
(366, 11, 171, 18, 18, NULL, NULL, '2015-04-01', 'entry', '', 46),
(367, 11, 172, 18, 18, NULL, NULL, '2015-04-01', 'entry', '', 15),
(368, 11, 197, 18, 18, NULL, NULL, '2015-04-01', 'entry', '', 1),
(369, 11, 106, 18, 18, NULL, NULL, '2015-04-01', 'entry', '', 5),
(370, 11, 107, 18, 18, NULL, NULL, '2015-04-01', 'entry', '', 1),
(371, 11, 154, NULL, NULL, NULL, 7, '2015-04-01', 'out', 'Ariel', 38),
(372, 11, 71, NULL, NULL, NULL, 7, '2015-04-01', 'out', 'Ariel', 11),
(373, 11, 72, NULL, NULL, NULL, 7, '2015-04-01', 'out', 'Ariel', 1),
(374, 11, 185, NULL, NULL, NULL, 7, '2015-04-01', 'out', 'Ariel', 1),
(375, 11, 196, NULL, NULL, NULL, 7, '2015-04-01', 'out', 'Ariel', 18),
(376, 11, 66, NULL, NULL, NULL, 7, '2015-04-01', 'out', 'Ariel', 17),
(377, 11, 236, NULL, NULL, NULL, 7, '2015-04-01', 'out', 'Ariel', 8),
(378, 11, 237, NULL, NULL, NULL, 7, '2015-04-01', 'out', 'Ariel', 20),
(379, 11, 238, NULL, NULL, NULL, 7, '2015-04-01', 'out', 'Ariel', 4),
(380, 11, 166, NULL, NULL, NULL, 7, '2015-04-01', 'out', 'Ariel', 16),
(381, 11, 167, NULL, NULL, NULL, 7, '2015-04-01', 'out', 'Ariel', 8),
(382, 11, 168, NULL, NULL, NULL, 7, '2015-04-01', 'out', 'Ariel', 8),
(383, 11, 169, NULL, NULL, NULL, 7, '2015-04-01', 'out', 'Ariel', 8),
(384, 11, 170, NULL, NULL, NULL, 7, '2015-04-01', 'out', 'Ariel', 2),
(385, 11, 200, NULL, NULL, NULL, 7, '2015-04-01', 'out', 'Ariel', 2),
(386, 11, 233, NULL, NULL, NULL, 7, '2015-04-01', 'out', 'Ariel', 10),
(387, 11, 239, NULL, NULL, NULL, 7, '2015-04-01', 'out', 'Ariel', 8),
(388, 11, 240, NULL, NULL, NULL, 7, '2015-04-01', 'out', 'Ariel', 8),
(389, 11, 241, NULL, NULL, NULL, 7, '2015-04-01', 'out', 'Ariel', 24),
(390, 11, 209, NULL, NULL, NULL, 7, '2015-04-01', 'out', 'Ariel', 16),
(391, 11, 210, NULL, NULL, NULL, 7, '2015-04-01', 'out', 'Ariel', 2),
(392, 11, 171, NULL, NULL, NULL, 7, '2015-04-01', 'out', 'Ariel', 46),
(393, 11, 172, NULL, NULL, NULL, 7, '2015-04-01', 'out', 'Ariel', 15),
(394, 11, 197, NULL, NULL, NULL, 7, '2015-04-01', 'out', 'Ariel', 1),
(395, 11, 106, NULL, NULL, NULL, 7, '2015-04-01', 'out', 'Ariel', 5),
(396, 11, 107, NULL, NULL, NULL, 7, '2015-04-01', 'out', 'Ariel', 1),
(397, 11, 110, 18, 18, NULL, NULL, '2015-04-02', 'entry', '', 6),
(398, 11, 112, 18, 18, NULL, NULL, '2015-04-02', 'entry', '', 2),
(399, 11, 115, 18, 18, NULL, NULL, '2015-04-02', 'entry', '', 2),
(400, 11, 126, 18, 18, NULL, NULL, '2015-04-02', 'entry', '', 4),
(401, 11, 123, 18, 18, NULL, NULL, '2015-04-02', 'entry', '', 3),
(402, 11, 124, 18, 18, NULL, NULL, '2015-04-02', 'entry', '', 1),
(403, 11, 44, 18, 18, NULL, NULL, '2015-04-02', 'entry', '', 10),
(404, 11, 161, 18, 18, NULL, NULL, '2015-04-02', 'entry', '', 6),
(405, 11, 202, 18, 18, NULL, NULL, '2015-04-02', 'entry', '', 5),
(406, 11, 242, 18, 18, NULL, NULL, '2015-04-02', 'entry', '', 3),
(407, 11, 243, 18, 18, NULL, NULL, '2015-04-02', 'entry', '', 1),
(408, 11, 203, 18, 18, NULL, NULL, '2015-04-02', 'entry', '', 22),
(409, 11, 192, 18, 18, NULL, NULL, '2015-04-02', 'entry', '', 13),
(410, 11, 204, 18, 18, NULL, NULL, '2015-04-02', 'entry', '', 12),
(411, 11, 206, 18, 18, NULL, NULL, '2015-04-02', 'entry', '', 18),
(412, 11, 207, 18, 18, NULL, NULL, '2015-04-02', 'entry', '', 18),
(413, 11, 231, 18, 18, NULL, NULL, '2015-04-02', 'entry', '', 5),
(414, 11, 244, 18, 18, NULL, NULL, '2015-04-02', 'entry', '', 1),
(415, 11, 65, 18, 18, NULL, NULL, '2015-04-02', 'entry', '', 5),
(416, 11, 187, 18, 18, NULL, NULL, '2015-04-02', 'entry', '', 22),
(417, 11, 157, 18, 18, NULL, NULL, '2015-04-02', 'entry', '', 1),
(418, 11, 158, 18, 18, NULL, NULL, '2015-04-02', 'entry', '', 15),
(419, 11, 186, 18, 18, NULL, NULL, '2015-04-02', 'entry', '', 56),
(420, 11, 78, 18, 18, NULL, NULL, '2015-04-02', 'entry', '', 18),
(421, 11, 211, 18, 18, NULL, NULL, '2015-04-02', 'entry', '', 8),
(422, 11, 212, 18, 18, NULL, NULL, '2015-04-02', 'entry', '', 2),
(423, 11, 245, 18, 18, NULL, NULL, '2015-04-02', 'entry', '', 1),
(424, 11, 246, 18, 18, NULL, NULL, '2015-04-02', 'entry', '', 11),
(425, 11, 213, 18, 18, NULL, NULL, '2015-04-02', 'entry', '', 10),
(426, 11, 218, 18, 18, NULL, NULL, '2015-04-02', 'entry', '', 6),
(427, 11, 214, 18, 18, NULL, NULL, '2015-04-02', 'entry', '', 1),
(428, 11, 222, 18, 18, NULL, NULL, '2015-04-02', 'entry', '', 1),
(429, 11, 183, 18, 18, NULL, NULL, '2015-04-02', 'entry', '', 17),
(430, 11, 181, 18, 18, NULL, NULL, '2015-04-02', 'entry', '', 2),
(431, 11, 118, 18, 18, NULL, NULL, '2015-04-02', 'entry', '', 52),
(432, 11, 176, 18, 18, NULL, NULL, '2015-04-02', 'entry', '', 4),
(433, 11, 247, 18, 18, NULL, NULL, '2015-04-02', 'entry', '', 2),
(434, 11, 248, 18, 18, NULL, NULL, '2015-04-02', 'entry', '', 17),
(435, 11, 249, 18, 18, NULL, NULL, '2015-04-02', 'entry', '', 15),
(436, 11, 250, 18, 18, NULL, NULL, '2015-04-02', 'entry', '', 20),
(437, 11, 119, 18, 18, NULL, NULL, '2015-04-02', 'entry', '', 1),
(438, 11, 223, 18, 18, NULL, NULL, '2015-04-02', 'entry', '', 41),
(439, 11, 138, 18, 18, NULL, NULL, '2015-04-02', 'entry', '', 6),
(440, 11, 226, 18, 18, NULL, NULL, '2015-04-02', 'entry', '', 6),
(441, 11, 252, 18, 18, NULL, NULL, '2015-04-02', 'entry', '', 8),
(442, 11, 251, 18, 18, NULL, NULL, '2015-04-02', 'entry', '', 38),
(443, 11, 91, 18, 18, NULL, NULL, '2015-04-02', 'entry', '', 29),
(444, 11, 92, 18, 18, NULL, NULL, '2015-04-02', 'entry', '', 2),
(445, 11, 254, 18, 18, NULL, NULL, '2015-04-02', 'entry', '', 2),
(446, 11, 93, 18, 18, NULL, NULL, '2015-04-02', 'entry', '', 42),
(447, 11, 255, 18, 18, NULL, NULL, '2015-04-02', 'entry', '', 1),
(448, 11, 182, 18, 18, NULL, NULL, '2015-04-02', 'entry', '', 4),
(449, 11, 256, 18, 18, NULL, NULL, '2015-04-02', 'entry', '', 1),
(450, 11, 253, 18, 18, NULL, NULL, '2015-04-02', 'entry', '', 18),
(451, 11, 257, 18, 18, NULL, NULL, '2015-04-02', 'entry', '', 12),
(452, 11, 110, NULL, NULL, NULL, 7, '2015-04-02', 'out', 'Ariel', 6),
(453, 11, 112, NULL, NULL, NULL, 7, '2015-04-02', 'out', 'Ariel', 2),
(454, 11, 115, NULL, NULL, NULL, 7, '2015-04-02', 'out', 'Ariel', 2),
(455, 11, 126, NULL, NULL, NULL, 7, '2015-04-02', 'out', 'Ariel', 4),
(456, 11, 123, NULL, NULL, NULL, 7, '2015-04-02', 'out', 'Ariel', 3),
(457, 11, 124, NULL, NULL, NULL, 7, '2015-04-02', 'out', 'Ariel', 1),
(458, 11, 44, NULL, NULL, NULL, 7, '2015-04-02', 'out', 'Ariel', 10),
(459, 11, 161, NULL, NULL, NULL, 7, '2015-04-02', 'out', 'Ariel', 6),
(460, 11, 202, NULL, NULL, NULL, 7, '2015-04-02', 'out', 'Ariel', 5),
(461, 11, 242, NULL, NULL, NULL, 7, '2015-04-02', 'out', 'Ariel', 3),
(462, 11, 243, NULL, NULL, NULL, 7, '2015-04-02', 'out', 'Ariel', 1),
(463, 11, 203, NULL, NULL, NULL, 7, '2015-04-02', 'out', 'Ariel', 22),
(464, 11, 192, NULL, NULL, NULL, 7, '2015-04-02', 'out', 'Ariel', 13),
(465, 11, 204, NULL, NULL, NULL, 7, '2015-04-02', 'out', 'Ariel', 12),
(466, 11, 206, NULL, NULL, NULL, 7, '2015-04-02', 'out', 'Ariel', 18),
(467, 11, 207, NULL, NULL, NULL, 7, '2015-04-02', 'out', 'Ariel', 18),
(468, 11, 231, NULL, NULL, NULL, 7, '2015-04-02', 'out', 'Ariel', 5),
(469, 11, 244, NULL, NULL, NULL, 7, '2015-04-02', 'out', 'Ariel', 1),
(470, 11, 65, NULL, NULL, NULL, 7, '2015-04-02', 'out', 'Ariel', 5),
(471, 11, 187, NULL, NULL, NULL, 7, '2015-04-02', 'out', 'Ariel', 22),
(472, 11, 157, NULL, NULL, NULL, 7, '2015-04-02', 'out', 'Ariel', 1),
(473, 11, 158, NULL, NULL, NULL, 7, '2015-04-02', 'out', 'Ariel', 15),
(474, 11, 186, NULL, NULL, NULL, 7, '2015-04-02', 'out', 'Ariel', 56),
(475, 11, 78, NULL, NULL, NULL, 7, '2015-04-02', 'out', 'Ariel', 18),
(476, 11, 211, NULL, NULL, NULL, 7, '2015-04-02', 'out', 'Ariel', 8),
(477, 11, 212, NULL, NULL, NULL, 7, '2015-04-02', 'out', 'Ariel', 2),
(478, 11, 245, NULL, NULL, NULL, 7, '2015-04-02', 'out', 'Ariel', 1),
(479, 11, 246, NULL, NULL, NULL, 7, '2015-04-02', 'out', 'Ariel', 11),
(480, 11, 213, NULL, NULL, NULL, 7, '2015-04-02', 'out', 'Ariel', 10),
(481, 11, 218, NULL, NULL, NULL, 7, '2015-04-02', 'out', 'Ariel', 6),
(482, 11, 214, NULL, NULL, NULL, 7, '2015-04-02', 'out', 'Ariel', 1),
(483, 11, 222, NULL, NULL, NULL, 7, '2015-04-02', 'out', 'Ariel', 1),
(484, 11, 183, NULL, NULL, NULL, 7, '2015-04-02', 'out', 'Ariel', 17),
(485, 11, 181, NULL, NULL, NULL, 7, '2015-04-02', 'out', 'Ariel', 2),
(486, 11, 118, NULL, NULL, NULL, 7, '2015-04-02', 'out', 'Ariel', 52),
(487, 11, 176, NULL, NULL, NULL, 7, '2015-04-02', 'out', 'Ariel', 4),
(488, 11, 247, NULL, NULL, NULL, 7, '2015-04-02', 'out', 'Ariel', 2),
(489, 11, 248, NULL, NULL, NULL, 7, '2015-04-02', 'out', 'Ariel', 17),
(490, 11, 249, NULL, NULL, NULL, 7, '2015-04-02', 'out', 'Ariel', 15),
(491, 11, 250, NULL, NULL, NULL, 7, '2015-04-02', 'out', 'Ariel', 20),
(492, 11, 119, NULL, NULL, NULL, 7, '2015-04-02', 'out', 'Ariel', 1),
(493, 11, 223, NULL, NULL, NULL, 7, '2015-04-02', 'out', 'Ariel', 41),
(494, 11, 138, NULL, NULL, NULL, 7, '2015-04-02', 'out', 'Ariel', 6),
(495, 11, 226, NULL, NULL, NULL, 7, '2015-04-02', 'out', 'Ariel', 6),
(496, 11, 252, NULL, NULL, NULL, 7, '2015-04-02', 'out', 'Ariel', 8),
(497, 11, 251, NULL, NULL, NULL, 7, '2015-04-02', 'out', 'Ariel', 38),
(498, 11, 91, NULL, NULL, NULL, 7, '2015-04-02', 'out', 'Ariel', 29),
(499, 11, 92, NULL, NULL, NULL, 7, '2015-04-02', 'out', 'Ariel', 2),
(500, 11, 254, NULL, NULL, NULL, 7, '2015-04-02', 'out', 'Ariel', 2),
(501, 11, 93, NULL, NULL, NULL, 7, '2015-04-02', 'out', 'Ariel', 42),
(502, 11, 255, NULL, NULL, NULL, 7, '2015-04-02', 'out', 'Ariel', 1),
(503, 11, 182, NULL, NULL, NULL, 7, '2015-04-02', 'out', 'Ariel', 4),
(504, 11, 256, NULL, NULL, NULL, 7, '2015-04-02', 'out', 'Ariel', 1),
(505, 11, 253, NULL, NULL, NULL, 7, '2015-04-02', 'out', 'Ariel', 18),
(506, 11, 257, NULL, NULL, NULL, 7, '2015-04-02', 'out', 'Ariel', 12),
(507, 12, 15, 18, 18, NULL, NULL, '2015-04-02', 'entry', '', 1),
(508, 12, 34, 18, 18, NULL, NULL, '2015-04-02', 'entry', '', 2),
(509, 12, 194, 18, 18, NULL, NULL, '2015-04-02', 'entry', '', 2),
(510, 12, 51, 18, 18, NULL, NULL, '2015-04-02', 'entry', '', 4),
(511, 12, 195, 18, 18, NULL, NULL, '2015-04-02', 'entry', '', 6),
(512, 12, 154, 18, 18, NULL, NULL, '2015-04-02', 'entry', '', 2),
(513, 12, 53, 18, 18, NULL, NULL, '2015-04-02', 'entry', '', 3),
(514, 12, 67, 18, 18, NULL, NULL, '2015-04-02', 'entry', '', 2),
(515, 12, 71, 18, 18, NULL, NULL, '2015-04-02', 'entry', '', 1),
(516, 12, 70, 18, 18, NULL, NULL, '2015-04-02', 'entry', '', 2),
(517, 12, 72, 18, 18, NULL, NULL, '2015-04-02', 'entry', '', 4),
(518, 12, 236, 18, 18, NULL, NULL, '2015-04-02', 'entry', '', 2),
(519, 12, 196, 18, 18, NULL, NULL, '2015-04-02', 'entry', '', 10),
(520, 12, 237, 18, 18, NULL, NULL, '2015-04-02', 'entry', '', 1),
(521, 12, 66, 18, 18, NULL, NULL, '2015-04-02', 'entry', '', 2),
(522, 12, 197, 18, 18, NULL, NULL, '2015-04-02', 'entry', '', 2),
(523, 12, 198, 18, 18, NULL, NULL, '2015-04-02', 'entry', '', 5),
(524, 12, 166, 18, 18, NULL, NULL, '2015-04-02', 'entry', '', 10),
(525, 12, 239, 18, 18, NULL, NULL, '2015-04-02', 'entry', '', 2),
(526, 12, 167, 18, 18, NULL, NULL, '2015-04-02', 'entry', '', 2),
(527, 12, 168, 18, 18, NULL, NULL, '2015-04-02', 'entry', '', 2),
(528, 12, 169, 18, 18, NULL, NULL, '2015-04-02', 'entry', '', 2),
(529, 12, 240, 18, 18, NULL, NULL, '2015-04-02', 'entry', '', 4),
(530, 12, 241, 18, 18, NULL, NULL, '2015-04-02', 'entry', '', 4),
(531, 12, 170, 18, 18, NULL, NULL, '2015-04-02', 'entry', '', 1),
(532, 12, 200, 18, 18, NULL, NULL, '2015-04-02', 'entry', '', 1),
(533, 12, 173, 18, 18, NULL, NULL, '2015-04-02', 'entry', '', 2),
(534, 12, 233, 18, 18, NULL, NULL, '2015-04-02', 'entry', '', 6),
(535, 12, 208, 18, 18, NULL, NULL, '2015-04-02', 'entry', '', 4),
(536, 12, 209, 18, 18, NULL, NULL, '2015-04-02', 'entry', '', 5),
(537, 12, 210, 18, 18, NULL, NULL, '2015-04-02', 'entry', '', 2),
(538, 12, 171, 18, 18, NULL, NULL, '2015-04-02', 'entry', '', 4),
(539, 12, 172, 18, 18, NULL, NULL, '2015-04-02', 'entry', '', 5),
(540, 12, 107, 18, 18, NULL, NULL, '2015-04-02', 'entry', '', 3),
(541, 12, 109, 18, 18, NULL, NULL, '2015-04-02', 'entry', '', 2),
(542, 12, 110, 18, 18, NULL, NULL, '2015-04-02', 'entry', '', 2),
(543, 12, 112, 18, 18, NULL, NULL, '2015-04-02', 'entry', '', 1),
(544, 12, 111, 18, 18, NULL, NULL, '2015-04-02', 'entry', '', 2),
(545, 12, 115, 18, 18, NULL, NULL, '2015-04-02', 'entry', '', 5),
(546, 12, 116, 18, 18, NULL, NULL, '2015-04-02', 'entry', '', 1),
(547, 12, 242, 18, 18, NULL, NULL, '2015-04-02', 'entry', '', 4),
(548, 12, 248, 18, 18, NULL, NULL, '2015-04-02', 'entry', '', 2),
(549, 12, 202, 18, 18, NULL, NULL, '2015-04-02', 'entry', '', 2),
(550, 12, 203, 18, 18, NULL, NULL, '2015-04-02', 'entry', '', 2),
(551, 12, 192, 18, 18, NULL, NULL, '2015-04-02', 'entry', '', 4),
(552, 12, 206, 18, 18, NULL, NULL, '2015-04-02', 'entry', '', 6),
(553, 12, 205, 18, 18, NULL, NULL, '2015-04-02', 'entry', '', 3),
(554, 12, 234, 18, 18, NULL, NULL, '2015-04-02', 'entry', '', 2),
(555, 12, 207, 18, 18, NULL, NULL, '2015-04-02', 'entry', '', 2),
(556, 12, 231, 18, 18, NULL, NULL, '2015-04-02', 'entry', '', 4),
(557, 12, 258, 18, 18, NULL, NULL, '2015-04-02', 'entry', '', 4),
(558, 12, 259, 18, 18, NULL, NULL, '2015-04-02', 'entry', '', 1),
(559, 12, 260, 18, 18, NULL, NULL, '2015-04-02', 'entry', '', 1),
(560, 12, 261, 18, 18, NULL, NULL, '2015-04-02', 'entry', '', 4),
(561, 12, 244, 18, 18, NULL, NULL, '2015-04-02', 'entry', '', 1),
(562, 12, 187, 18, 18, NULL, NULL, '2015-04-02', 'entry', '', 2),
(563, 12, 246, 18, 18, NULL, NULL, '2015-04-02', 'entry', '', 4),
(564, 12, 157, 18, 18, NULL, NULL, '2015-04-02', 'entry', '', 8),
(565, 12, 158, 18, 18, NULL, NULL, '2015-04-02', 'entry', '', 15),
(566, 12, 186, 18, 18, NULL, NULL, '2015-04-02', 'entry', '', 3),
(567, 12, 185, 18, 18, NULL, NULL, '2015-04-02', 'entry', '', 1),
(568, 12, 257, 18, 18, NULL, NULL, '2015-04-02', 'entry', '', 2),
(569, 12, 78, 18, 18, NULL, NULL, '2015-04-02', 'entry', '', 4),
(570, 12, 211, 18, 18, NULL, NULL, '2015-04-02', 'entry', '', 2),
(571, 12, 212, 18, 18, NULL, NULL, '2015-04-02', 'entry', '', 1),
(572, 12, 218, 18, 18, NULL, NULL, '2015-04-02', 'entry', '', 2),
(573, 12, 215, 18, 18, NULL, NULL, '2015-04-02', 'entry', '', 2),
(574, 12, 247, 18, 18, NULL, NULL, '2015-04-02', 'entry', '', 1),
(575, 12, 248, 18, 18, NULL, NULL, '2015-04-02', 'entry', '', 2),
(576, 12, 220, 18, 18, NULL, NULL, '2015-04-02', 'entry', '', 1),
(577, 12, 249, 18, 18, NULL, NULL, '2015-04-02', 'entry', '', 2),
(578, 12, 183, 18, 18, NULL, NULL, '2015-04-02', 'entry', '', 3),
(579, 12, 181, 18, 18, NULL, NULL, '2015-04-02', 'entry', '', 2),
(580, 12, 118, 18, 18, NULL, NULL, '2015-04-02', 'entry', '', 5),
(581, 12, 250, 18, 18, NULL, NULL, '2015-04-02', 'entry', '', 20),
(582, 12, 176, 18, 18, NULL, NULL, '2015-04-02', 'entry', '', 19),
(583, 12, 174, 18, 18, NULL, NULL, '2015-04-02', 'entry', '', 20),
(584, 12, 119, 18, 18, NULL, NULL, '2015-04-02', 'entry', '', 4),
(585, 12, 252, 18, 18, NULL, NULL, '2015-04-02', 'entry', '', 6),
(586, 12, 223, 18, 18, NULL, NULL, '2015-04-02', 'entry', '', 31),
(587, 12, 253, 18, 18, NULL, NULL, '2015-04-02', 'entry', '', 2),
(588, 12, 226, 18, 18, NULL, NULL, '2015-04-02', 'entry', '', 4),
(589, 12, 227, 18, 18, NULL, NULL, '2015-04-02', 'entry', '', 3),
(590, 12, 228, 18, 18, NULL, NULL, '2015-04-02', 'entry', '', 1),
(591, 12, 229, 18, 18, NULL, NULL, '2015-04-02', 'entry', '', 16),
(592, 12, 230, 18, 18, NULL, NULL, '2015-04-02', 'entry', '', 11),
(593, 12, 138, 18, 18, NULL, NULL, '2015-04-02', 'entry', '', 10),
(594, 12, 251, 18, 18, NULL, NULL, '2015-04-02', 'entry', '', 4),
(595, 12, 91, 18, 18, NULL, NULL, '2015-04-02', 'entry', '', 2),
(596, 12, 92, 18, 18, NULL, NULL, '2015-04-02', 'entry', '', 11),
(597, 12, 254, 18, 18, NULL, NULL, '2015-04-02', 'entry', '', 2),
(598, 12, 93, 18, 18, NULL, NULL, '2015-04-02', 'entry', '', 6),
(599, 12, 255, 18, 18, NULL, NULL, '2015-04-02', 'entry', '', 2),
(600, 12, 182, 18, 18, NULL, NULL, '2015-04-02', 'entry', '', 2),
(601, 12, 98, 18, 18, NULL, NULL, '2015-04-02', 'entry', '', 1),
(602, 12, 100, 18, 18, NULL, NULL, '2015-04-02', 'entry', '', 2),
(603, 12, 103, 18, 18, NULL, NULL, '2015-04-02', 'entry', '', 2),
(604, 12, 149, 18, 18, NULL, NULL, '2015-04-02', 'entry', '', 9),
(605, 12, 263, 18, 18, NULL, NULL, '2015-04-02', 'entry', '', 23),
(606, 12, 264, 18, 18, NULL, NULL, '2015-04-02', 'entry', '', 14),
(607, 12, 150, 18, 18, NULL, NULL, '2015-04-02', 'entry', '', 24),
(608, 12, 265, 18, 18, NULL, NULL, '2015-04-02', 'entry', '', 14),
(609, 12, 266, 18, 18, NULL, NULL, '2015-04-02', 'entry', '', 30),
(610, 12, 267, 18, 18, NULL, NULL, '2015-04-02', 'entry', '', 42),
(611, 12, 268, 18, 18, NULL, NULL, '2015-04-02', 'entry', '', 20),
(612, 12, 15, NULL, NULL, NULL, 12, '2015-04-02', 'out', 'Administrador', 1),
(613, 12, 34, NULL, NULL, NULL, 12, '2015-04-02', 'out', 'Administrador', 2),
(614, 12, 194, NULL, NULL, NULL, 12, '2015-04-02', 'out', 'Administrador', 2),
(615, 12, 51, NULL, NULL, NULL, 12, '2015-04-02', 'out', 'Administrador', 4),
(616, 12, 195, NULL, NULL, NULL, 12, '2015-04-02', 'out', 'Administrador', 6),
(617, 12, 154, NULL, NULL, NULL, 12, '2015-04-02', 'out', 'Administrador', 2),
(618, 12, 53, NULL, NULL, NULL, 12, '2015-04-02', 'out', 'Administrador', 3),
(619, 12, 67, NULL, NULL, NULL, 12, '2015-04-02', 'out', 'Administrador', 2),
(620, 12, 71, NULL, NULL, NULL, 12, '2015-04-02', 'out', 'Administrador', 1),
(621, 12, 70, NULL, NULL, NULL, 12, '2015-04-02', 'out', 'Administrador', 2),
(622, 12, 72, NULL, NULL, NULL, 12, '2015-04-02', 'out', 'Administrador', 4),
(623, 12, 236, NULL, NULL, NULL, 12, '2015-04-02', 'out', 'Administrador', 2),
(624, 12, 196, NULL, NULL, NULL, 12, '2015-04-02', 'out', 'Administrador', 10),
(625, 12, 237, NULL, NULL, NULL, 12, '2015-04-02', 'out', 'Administrador', 1),
(626, 12, 66, NULL, NULL, NULL, 12, '2015-04-02', 'out', 'Administrador', 2),
(627, 12, 197, NULL, NULL, NULL, 12, '2015-04-02', 'out', 'Administrador', 2),
(628, 12, 198, NULL, NULL, NULL, 12, '2015-04-02', 'out', 'Administrador', 5),
(629, 12, 166, NULL, NULL, NULL, 12, '2015-04-02', 'out', 'Administrador', 10),
(630, 12, 239, NULL, NULL, NULL, 12, '2015-04-02', 'out', 'Administrador', 2),
(631, 12, 167, NULL, NULL, NULL, 12, '2015-04-02', 'out', 'Administrador', 2),
(632, 12, 168, NULL, NULL, NULL, 12, '2015-04-02', 'out', 'Administrador', 2),
(633, 12, 169, NULL, NULL, NULL, 12, '2015-04-02', 'out', 'Administrador', 2),
(634, 12, 240, NULL, NULL, NULL, 12, '2015-04-02', 'out', 'Administrador', 4),
(635, 12, 241, NULL, NULL, NULL, 12, '2015-04-02', 'out', 'Administrador', 4),
(636, 12, 170, NULL, NULL, NULL, 12, '2015-04-02', 'out', 'Administrador', 1),
(637, 12, 200, NULL, NULL, NULL, 12, '2015-04-02', 'out', 'Administrador', 1),
(638, 12, 173, NULL, NULL, NULL, 12, '2015-04-02', 'out', 'Administrador', 2),
(639, 12, 233, NULL, NULL, NULL, 12, '2015-04-02', 'out', 'Administrador', 6),
(640, 12, 208, NULL, NULL, NULL, 12, '2015-04-02', 'out', 'Administrador', 4),
(641, 12, 209, NULL, NULL, NULL, 12, '2015-04-02', 'out', 'Administrador', 5),
(642, 12, 210, NULL, NULL, NULL, 12, '2015-04-02', 'out', 'Administrador', 2),
(643, 12, 171, NULL, NULL, NULL, 12, '2015-04-02', 'out', 'Administrador', 4),
(644, 12, 172, NULL, NULL, NULL, 12, '2015-04-02', 'out', 'Administrador', 5),
(645, 12, 107, NULL, NULL, NULL, 12, '2015-04-02', 'out', 'Administrador', 3),
(646, 12, 109, NULL, NULL, NULL, 12, '2015-04-02', 'out', 'Administrador', 2),
(647, 12, 110, NULL, NULL, NULL, 12, '2015-04-02', 'out', 'Administrador', 2),
(648, 12, 112, NULL, NULL, NULL, 12, '2015-04-02', 'out', 'Administrador', 1),
(649, 12, 111, NULL, NULL, NULL, 12, '2015-04-02', 'out', 'Administrador', 2),
(650, 12, 115, NULL, NULL, NULL, 12, '2015-04-02', 'out', 'Administrador', 5),
(651, 12, 116, NULL, NULL, NULL, 12, '2015-04-02', 'out', 'Administrador', 1),
(652, 12, 242, NULL, NULL, NULL, 12, '2015-04-02', 'out', 'Administrador', 4),
(653, 12, 248, NULL, NULL, NULL, 12, '2015-04-02', 'out', 'Administrador', 4),
(654, 12, 202, NULL, NULL, NULL, 12, '2015-04-02', 'out', 'Administrador', 2),
(655, 12, 203, NULL, NULL, NULL, 12, '2015-04-02', 'out', 'Administrador', 2),
(656, 12, 192, NULL, NULL, NULL, 12, '2015-04-02', 'out', 'Administrador', 4),
(657, 12, 206, NULL, NULL, NULL, 12, '2015-04-02', 'out', 'Administrador', 6),
(658, 12, 205, NULL, NULL, NULL, 12, '2015-04-02', 'out', 'Administrador', 3),
(659, 12, 234, NULL, NULL, NULL, 12, '2015-04-02', 'out', 'Administrador', 2),
(660, 12, 207, NULL, NULL, NULL, 12, '2015-04-02', 'out', 'Administrador', 2),
(661, 12, 231, NULL, NULL, NULL, 12, '2015-04-02', 'out', 'Administrador', 4),
(662, 12, 258, NULL, NULL, NULL, 12, '2015-04-02', 'out', 'Administrador', 4),
(663, 12, 259, NULL, NULL, NULL, 12, '2015-04-02', 'out', 'Administrador', 1),
(664, 12, 260, NULL, NULL, NULL, 12, '2015-04-02', 'out', 'Administrador', 1),
(665, 12, 261, NULL, NULL, NULL, 12, '2015-04-02', 'out', 'Administrador', 4),
(666, 12, 244, NULL, NULL, NULL, 12, '2015-04-02', 'out', 'Administrador', 1),
(667, 12, 187, NULL, NULL, NULL, 12, '2015-04-02', 'out', 'Administrador', 2),
(668, 12, 246, NULL, NULL, NULL, 12, '2015-04-02', 'out', 'Administrador', 4),
(669, 12, 157, NULL, NULL, NULL, 12, '2015-04-02', 'out', 'Administrador', 8),
(670, 12, 158, NULL, NULL, NULL, 12, '2015-04-02', 'out', 'Administrador', 15),
(671, 12, 186, NULL, NULL, NULL, 12, '2015-04-02', 'out', 'Administrador', 3),
(672, 12, 185, NULL, NULL, NULL, 12, '2015-04-02', 'out', 'Administrador', 1),
(673, 12, 257, NULL, NULL, NULL, 12, '2015-04-02', 'out', 'Administrador', 2),
(674, 12, 78, NULL, NULL, NULL, 12, '2015-04-02', 'out', 'Administrador', 4),
(675, 12, 211, NULL, NULL, NULL, 12, '2015-04-02', 'out', 'Administrador', 2),
(676, 12, 212, NULL, NULL, NULL, 12, '2015-04-02', 'out', 'Administrador', 1),
(677, 12, 218, NULL, NULL, NULL, 12, '2015-04-02', 'out', 'Administrador', 2),
(678, 12, 215, NULL, NULL, NULL, 12, '2015-04-02', 'out', 'Administrador', 2),
(679, 12, 247, NULL, NULL, NULL, 12, '2015-04-02', 'out', 'Administrador', 1),
(680, 12, 220, NULL, NULL, NULL, 12, '2015-04-02', 'out', 'Administrador', 1),
(681, 12, 249, NULL, NULL, NULL, 12, '2015-04-02', 'out', 'Administrador', 2),
(682, 12, 183, NULL, NULL, NULL, 12, '2015-04-02', 'out', 'Administrador', 3),
(683, 12, 181, NULL, NULL, NULL, 12, '2015-04-02', 'out', 'Administrador', 2),
(684, 12, 118, NULL, NULL, NULL, 12, '2015-04-02', 'out', 'Administrador', 5),
(685, 12, 250, NULL, NULL, NULL, 12, '2015-04-02', 'out', 'Administrador', 20),
(686, 12, 176, NULL, NULL, NULL, 12, '2015-04-02', 'out', 'Administrador', 19),
(687, 12, 174, NULL, NULL, NULL, 12, '2015-04-02', 'out', 'Administrador', 20),
(688, 12, 119, NULL, NULL, NULL, 12, '2015-04-02', 'out', 'Administrador', 4),
(689, 12, 252, NULL, NULL, NULL, 12, '2015-04-02', 'out', 'Administrador', 6),
(690, 12, 223, NULL, NULL, NULL, 12, '2015-04-02', 'out', 'Administrador', 31),
(691, 12, 253, NULL, NULL, NULL, 12, '2015-04-02', 'out', 'Administrador', 2),
(692, 12, 226, NULL, NULL, NULL, 12, '2015-04-02', 'out', 'Administrador', 4),
(693, 12, 227, NULL, NULL, NULL, 12, '2015-04-02', 'out', 'Administrador', 3),
(694, 12, 228, NULL, NULL, NULL, 12, '2015-04-02', 'out', 'Administrador', 1),
(695, 12, 229, NULL, NULL, NULL, 12, '2015-04-02', 'out', 'Administrador', 16),
(696, 12, 230, NULL, NULL, NULL, 12, '2015-04-02', 'out', 'Administrador', 11),
(697, 12, 138, NULL, NULL, NULL, 12, '2015-04-02', 'out', 'Administrador', 10),
(698, 12, 251, NULL, NULL, NULL, 12, '2015-04-02', 'out', 'Administrador', 4),
(699, 12, 91, NULL, NULL, NULL, 12, '2015-04-02', 'out', 'Administrador', 2),
(700, 12, 92, NULL, NULL, NULL, 12, '2015-04-02', 'out', 'Administrador', 11),
(701, 12, 254, NULL, NULL, NULL, 12, '2015-04-02', 'out', 'Administrador', 2),
(702, 12, 93, NULL, NULL, NULL, 12, '2015-04-02', 'out', 'Administrador', 6),
(703, 12, 255, NULL, NULL, NULL, 12, '2015-04-02', 'out', 'Administrador', 2),
(704, 12, 182, NULL, NULL, NULL, 12, '2015-04-02', 'out', 'Administrador', 2),
(705, 12, 98, NULL, NULL, NULL, 12, '2015-04-02', 'out', 'Administrador', 1),
(706, 12, 100, NULL, NULL, NULL, 12, '2015-04-02', 'out', 'Administrador', 2),
(707, 12, 103, NULL, NULL, NULL, 12, '2015-04-02', 'out', 'Administrador', 2),
(708, 12, 149, NULL, NULL, NULL, 12, '2015-04-02', 'out', 'Administrador', 9),
(709, 12, 263, NULL, NULL, NULL, 12, '2015-04-02', 'out', 'Administrador', 23),
(710, 12, 264, NULL, NULL, NULL, 12, '2015-04-02', 'out', 'Administrador', 14),
(711, 12, 150, NULL, NULL, NULL, 12, '2015-04-02', 'out', 'Administrador', 24),
(712, 12, 265, NULL, NULL, NULL, 12, '2015-04-02', 'out', 'Administrador', 14),
(713, 12, 266, NULL, NULL, NULL, 12, '2015-04-02', 'out', 'Administrador', 30),
(714, 12, 267, NULL, NULL, NULL, 12, '2015-04-02', 'out', 'Administrador', 42),
(715, 12, 268, NULL, NULL, NULL, 12, '2015-04-02', 'out', 'Administrador', 20),
(716, 12, 269, 18, 18, NULL, NULL, '2015-04-03', 'entry', '', 2),
(717, 12, 269, NULL, NULL, NULL, 12, '2015-04-04', 'out', 'Administrador', 2);

-- --------------------------------------------------------

--
-- Table structure for table `supplier`
--

DROP TABLE IF EXISTS `supplier`;
CREATE TABLE IF NOT EXISTS `supplier` (
  `supplier_id` int(5) NOT NULL AUTO_INCREMENT,
  `name` varchar(50) NOT NULL,
  `info` text NOT NULL,
  PRIMARY KEY (`supplier_id`),
  UNIQUE KEY `supplier_id` (`supplier_id`)
) ENGINE=InnoDB  DEFAULT CHARSET=utf8 AUTO_INCREMENT=20 ;

--
-- Dumping data for table `supplier`
--

INSERT INTO `supplier` (`supplier_id`, `name`, `info`) VALUES
(1, 'Serviterra', ''),
(18, 'Terravol', ''),
(19, 'Badra', '');

-- --------------------------------------------------------

--
-- Table structure for table `tyre`
--

DROP TABLE IF EXISTS `tyre`;
CREATE TABLE IF NOT EXISTS `tyre` (
  `tyre_id` int(5) NOT NULL AUTO_INCREMENT,
  `tyre_brand` varchar(25) NOT NULL,
  `tyre_size` varchar(25) NOT NULL,
  `tyre_code` varchar(25) NOT NULL,
  PRIMARY KEY (`tyre_id`),
  UNIQUE KEY `tyre_id` (`tyre_id`),
  KEY `tyre_id_2` (`tyre_id`),
  KEY `tyre_id_3` (`tyre_id`)
) ENGINE=InnoDB  DEFAULT CHARSET=utf8 AUTO_INCREMENT=270 ;

--
-- Dumping data for table `tyre`
--

INSERT INTO `tyre` (`tyre_id`, `tyre_brand`, `tyre_size`, `tyre_code`) VALUES
(3, 'Kumho', '12R22.5', 'KRS15'),
(4, 'Kumho', '315/80R22.5', 'KRS15'),
(7, 'Bridgestone', '12R22.5', 'R250'),
(8, 'Kumho China', '12R22.5', 'KRA28'),
(9, 'Kumho', '12R22.5', 'KMA01'),
(13, 'Kumho', '12R22.5', 'KRD02'),
(15, 'Kumho', '12R22.5', 'KFD04'),
(16, 'Kumho', '315/80R22.5', 'KRS03'),
(18, 'Aeolus', '825x16', 'HN08'),
(19, 'Aeolus', '750x16', 'HN08'),
(20, 'Aeolus', '12R22.5', 'HN257'),
(22, 'Aeolus', '12R22.5', 'HN355'),
(23, 'Kumho China', '315/80R22.5', 'KRS28'),
(24, 'Kumho', '385/65R22.5', 'KRS03'),
(25, 'Kumho', '315/80R22.5', 'KRD02'),
(27, 'Kumho', '12R22.5', 'KMA11'),
(28, 'Kumho', '12R22.5', 'KMD21'),
(29, 'Kumho', '295/80R22.5', 'KRD02'),
(30, 'Kumho', '295/80R22.5', 'KRS15'),
(31, 'Kumho', '9.5R17.5', 'KRA11'),
(32, 'Kumho', '9.5R17.5', 'KRD02'),
(33, 'Kumho', '265/70R15', 'KH15'),
(34, 'Kumho', '265/70R16', 'KH15'),
(35, 'Kumho', '295/80R22.5', 'KRD50'),
(36, 'Kumho', '265/70R17', 'KH15'),
(37, 'Kumho', '235/60R16', 'KH15'),
(38, 'Kumho', '195R15', 'KL71'),
(39, 'Kumho', '195/65R15', 'KH17'),
(40, 'Kumho', '195/70R14', 'KH17'),
(41, 'Kumho', '195/65R14', 'KH17'),
(42, 'Kumho', '185/70R14', 'KH17'),
(43, 'Kumho', '185/65R14', 'KH17'),
(44, 'Aeolus', '385/65R22.5', 'HN809'),
(45, 'Aeolus', '315/80R22.5', 'ADR69'),
(46, 'Aeolus', '315/80R22.5', 'HN254'),
(47, 'Aeolus', '315/80R22.5', 'HN353'),
(48, 'Aeolus', '315/80R22.5', 'HN08'),
(49, 'Aeolus', '315/80R22.5', 'HN226'),
(50, 'Aeolus', '385/65R22.5', 'HN228'),
(51, 'Kumho', '31x10.5R15', 'KH17'),
(52, 'Aeolus', '12R22.5', 'HN08'),
(53, 'Aeolus', '12R22.5', 'HN10'),
(54, 'Aeolus', '12R22.5', 'HN353'),
(55, 'Aeolus', '12R22.5', 'HN324'),
(56, 'Aeolus', '295/80R22.5', 'ADR69'),
(57, 'Aeolus', '295/80R22.5', 'HN226'),
(58, 'Aeolus', '295/80R22.5', 'HN355'),
(59, 'Aeolus', '295/80R22.5', 'HN254'),
(60, 'Aeolus', '11R22.5', 'HN08'),
(61, 'Aeolus', '11R22.5', 'HN257'),
(62, 'Aeolus', '11R22.5', 'HN353'),
(63, 'Aeolus', '1200R20', 'HN10'),
(64, 'Aeolus', '1200R20', 'HN08'),
(65, 'Aeolus', '1000R20', 'HN08'),
(66, 'Aeolus', '900R20', 'HN08'),
(67, 'Aeolus', '275/70R22.5', 'HN226'),
(68, 'Aeolus', '285/70R19.5', 'HN309'),
(69, 'Aeolus', '285/70R19.5', 'HN257'),
(70, 'Aeolus', '265/70R19.5', 'HN228'),
(71, 'Aeolus', '265/70R19.5', 'HN257'),
(72, 'Aeolus', '245/75R19.5', 'HN366'),
(73, 'Aeolus', '825R16', 'HN09'),
(74, 'Aeolus', '235/70R17.5', 'HN235'),
(75, 'Aeolus', '235/70R17.5', 'HN309'),
(76, 'Aeolus', '215/70R17.5', 'HN235'),
(77, 'Aeolus', '215/70R17.5', 'HN309'),
(78, 'Aeolus', '700R16', 'HN08'),
(79, 'Aeolus', '1000R15', 'HN263'),
(80, 'Aeolus', '825R15', 'HN263'),
(81, 'Kumho China', '12R22.5', 'KRS28'),
(82, 'Kumho China', '12R22.5', 'KFD18'),
(83, 'Kumho China', '12R22.5', 'KRD28'),
(84, 'Kumho China', '295/80R22.5', 'KRS28'),
(85, 'Kumho China', '12R22.5', 'KMD18'),
(86, 'Deuribo', '315/80R22.5', 'DRB592'),
(87, 'Deuribo', '315/80R22.5', 'DRB662'),
(88, 'Deuribo', '12R22.5', 'DRB582'),
(89, 'Autostone', '315/80R22.5', 'FH168'),
(90, 'Autostone', '315/80R22.5', 'FH158'),
(91, 'Autostone', '12R22.5', 'FH166'),
(92, 'Autostone', '12R22.5', 'FH158'),
(93, 'Autostone', '295/80R22.5', 'FH158'),
(94, 'AutoStone', '11R22.5', 'FH158'),
(95, 'Boto', '315/80R22.5', 'BT219'),
(96, 'Boto', '315/80R22.5', 'BT388'),
(97, 'Boto', '12R22.5', 'BT219'),
(98, 'Boto', '12R22.5', 'BT369'),
(99, 'Boto', '1200R20', 'BT168'),
(100, 'Winda', '31x10R15', 'WL16'),
(101, 'Winda', '195/65R15', 'WP15'),
(102, 'Winda', '195R14', 'WL15'),
(103, 'Winda', '185R14', 'WL15'),
(104, 'Winda', '185/70R14', 'WP15'),
(105, 'Winda', '185/70R13', 'WP15'),
(106, 'Double Camel', '1200x20', 'ST703'),
(107, 'Double Camel', '1200x20', 'ST702'),
(108, 'Double Camel', '1100x20', 'ST702'),
(109, 'Double Camel', '1000x20', 'ST702'),
(110, 'Double Camel', '900x20', 'ST702'),
(111, 'Double Camel', '825x16', 'R501'),
(112, 'Double Camel', '825x16', 'L606'),
(113, 'Double Camel', '750x16', 'ST601'),
(114, 'Double Camel', '750x16', 'ST602'),
(115, 'Double Camel', '700x16', 'ST601'),
(116, 'Double Camel', '600x14', 'ST601'),
(117, 'Triangle', '315/80R22.5', 'TR688'),
(118, 'Triangle', '9.5R17.5', 'TR656'),
(119, 'Triangle', '175/70R13', 'tr'),
(120, 'Runway', '245/70R17', 'Enduro'),
(121, 'Runway', '235/65R17', 'Enduro'),
(122, 'Runway', '235/70R26', 'Enduro'),
(123, 'Runway', '31x10.5R15', 'Enduro'),
(124, 'Runway', '195/60R15', 'Enduro'),
(125, 'Runway', '195/50R15', 'Enduro'),
(126, 'Runway', '185/65R15', 'Enduro'),
(127, 'Runway', '205/50R15Z', 'Pistera'),
(128, 'Runway', '185/65R14', 'Enduro'),
(129, 'Runway', '175/70R14', 'Enduro'),
(130, 'Runway', '175/65R14', 'Enduro'),
(131, 'Runway', '155r13', 'Enduro'),
(132, 'GT', '425/65R22.5', 'GT876'),
(133, 'GT', '245/70R16', 'SAVERO'),
(134, 'GT', '245/75R16AT', 'GT'),
(135, 'GT', '215/70R16', 'Champiro'),
(136, 'GT', '185/60R14', 'Champiro'),
(137, 'Ling Long', '9.5R17.5', 'LLF26'),
(138, 'Ling Long', '825x16', 'LL59'),
(139, 'Ling Long', '825x16', 'LL47'),
(140, 'Ling Long', '825x16', 'LL89'),
(141, 'Prime Well', '295/80R22.5', 'PW210'),
(142, 'Prime Well', '315/80R22.5', 'PW215'),
(143, 'Prime Well', '1000R20', 'PW02'),
(144, 'Great Way', '1100x22', 'Great Way'),
(145, 'Birla', '750x16', 'BT168'),
(146, 'Donga', '1100x20', 'camara'),
(147, 'Donga', '1200x20', 'Camara'),
(148, 'Donga', 'R13', 'Camara'),
(149, 'Donga', 'R15', 'Camara'),
(150, 'Donga', 'R14', 'Camara'),
(151, 'India', '900x20', 'Camara'),
(152, 'India', '1000x20', 'Camara'),
(153, 'Bridgestone', '1100x22', 'Camara'),
(154, 'Wind Power', '315/80R22.5', 'ADR69'),
(155, 'Wind Power', '315/80R22.5', 'WSR36'),
(156, 'Wind Power', '12R22.5', 'HN10'),
(157, 'Wind Power', '825R16', 'HN09'),
(158, 'Wind Power', '825R16', 'HN08'),
(159, 'Wind Power', '235/75R17.5', 'WGC28'),
(160, 'Wind Power', '385/65R22.5', 'WGC28'),
(161, 'Wind Power', '385/55R22.5', 'WGC28'),
(162, 'Wind Power', '1200R20', 'HN10'),
(164, 'Aeolus', '265/70R17', 'AS01'),
(165, 'Aeolus', '265/65R17', 'AS01'),
(166, 'Aeolus', '265/70R16', 'AS01'),
(167, 'Aeolus', '235/70R16', 'AS02'),
(168, 'Aeolus', '225/70R16', 'AS02'),
(169, 'Aeolus', '215/70R16', 'AS02'),
(170, 'Aeolus', '185/70R14', 'AG02'),
(171, 'Aeolus', '185/70R13', 'AG02'),
(172, 'Aeolus', '175/70R13', 'AG02'),
(173, 'Aeolus', '235/75R15', 'AS01'),
(174, 'Triangle', '185/70R13', 'Triangle'),
(175, 'Triangle', '195/70R14', 'Triangle'),
(176, 'Triangle', '195/65R15', 'Triangle'),
(177, 'Aeolus', '385/65R22.5', 'AGC28'),
(178, 'Aeolus', '265/70R19.5', 'HN257'),
(179, 'Aeolus', '265/70R19.5', 'AGC28'),
(180, 'Aeolus', '10R22.5', 'HN257'),
(181, 'Triangle', '295/80R22.5', 'TR686'),
(182, 'AutoStone', '1200R20', 'FH185'),
(183, 'Triangle', '1100R22', 'TR679'),
(184, 'Aeolus', '215/75R17.5', 'AGC28'),
(185, 'Wind Power', '825R15', 'HN230'),
(186, 'Wind Power', '1000R15', 'HN230'),
(187, 'Wind Power', '295/80R22.5', 'ADR69'),
(188, 'Wind Power', '295/80R22.5', 'AGB20'),
(189, 'Wind Power', '275/70R22.5', 'WGC28'),
(190, 'Aeolus', '265/70R19.5', 'HN254'),
(191, 'Aeolus', '265/70R19.5', 'HN'),
(192, 'Aeolus', '315/80R22.5', 'ASR69'),
(193, 'Kumho', '175/70R13', 'KH15'),
(194, 'Kumho', '215/70R16', 'KH15'),
(195, 'Kumho', '235/75R15', 'KL78'),
(196, 'Wind Power', '9.5r17.5', 'ADR35'),
(197, 'Aeolus', '1000R20', 'HN09'),
(198, 'Aeolus', '900R20', 'HN09'),
(199, 'Aeolus', '285/75R24.5', 'HN06'),
(200, 'Aeolus', '195R14', 'AL01'),
(201, 'Runway', '245/75R16', 'Runway'),
(202, 'Wind power', '315/80R22.5', 'HN08'),
(203, 'Wind power', '315/80R22.5', 'WDR36'),
(204, 'Wind power', '12R22.5', 'HN08'),
(205, 'Wind power', '12R22.5', 'ADC53'),
(206, 'Wind Power', '12R22.5', 'WSR36'),
(207, 'Wind Power', '315/80R22.5', 'WDL60'),
(208, 'Aeolus', '195/65r15', 'AH01'),
(209, 'Aeolus', '195/65R14', 'AH01'),
(210, 'Aeolus', '185R14', 'AL01'),
(211, 'Wind Power', '275/80R22.5', 'HN06'),
(212, 'Wind power', '11R24.5', 'HN353'),
(213, 'Wind power', '285/70R19.5', 'WDR34'),
(214, 'Wind power', '295/80R22.5', 'ASR69'),
(215, 'Wind power', '295/80R22.5', 'ADC53'),
(216, 'Wind power', '255/70R22.5', 'WSR36'),
(217, 'Wind Power', '275/70R22.5', 'WSR36'),
(218, 'Wind Power', '285/70R19.5', 'WSR36'),
(219, 'Triangle', '315/80R22.5', 'TRD08'),
(220, 'Triangle', '315/80R22.5', 'TR601'),
(221, 'Triangle', '12R22.5', 'TR601'),
(222, 'Triangle', '12R22.5', 'TR688'),
(223, 'Triangle', '185/70R14', 'Triangle'),
(225, 'Triangle', '265/70R19.5', 'TR657'),
(226, 'Triangle', '235/75R17.5', 'TR689'),
(227, 'Triangle', '215/75R17.5', 'TR689'),
(228, 'Triangle', '235/75R15', 'TR246'),
(229, 'Triangle', '195R14', 'TR246'),
(230, 'Triangle', '195/70R15', 'TR645'),
(231, 'Wind power', '12R22.5', 'WSL60'),
(232, 'Aeolus', '265/70R17', 'Aeolus'),
(233, 'Aeolus', '215/65R15', 'Aeolus'),
(234, 'Wind Power', '315/80R22.5', 'WDC52'),
(235, 'Aeolus', '315/80R22.5', 'HN257'),
(236, 'Wind power', '235/75R17.5', 'WSR24'),
(237, 'Wind Power', '9.5R17.5', 'ASR24'),
(238, 'Aeolus', '1100R20', 'HN09'),
(239, 'Aeolus', '245/70r16', 'AS01'),
(240, 'Aeolus', '215/70R15', 'Al01'),
(241, 'Aeolus', '31x10R15', 'AS01'),
(242, 'Trazano', '12R22.5', 'CB972'),
(243, 'Runway', '265/75r16', 'Runway'),
(244, 'Wind Power', '315/80R22.5', 'WSL60'),
(245, 'Wind Power', '12R22.5', 'WDR36'),
(246, 'Wind Power', '295/80R22.5', 'WSR36'),
(247, 'Wind Power', '10r22.5', 'AGB21'),
(248, 'triangle', '385/65R225', 'TR692'),
(249, 'Triangle', '12R22.5', 'TR666'),
(250, 'Triangle', '195R15', 'Triangle'),
(251, 'AutoStone', '11R22.5', 'FH169'),
(252, 'Triangle', '275/70R22.5', 'TR656'),
(253, 'Triangle', '1100R22', 'TR600'),
(254, 'AutoStone', '12R22.5', 'FH168'),
(255, 'AutoStone', '295/80R22.5', 'FH168'),
(256, 'Winda', '175/70R13', 'Winda'),
(257, 'Aeous', '195/70R14', 'AH01'),
(258, 'Double Camel', '700x15', 'Double Camel'),
(259, 'Runway', '215/65R15', 'Runway'),
(260, 'Runway', '195/70r14', 'Runway'),
(261, 'Runway', '195/60R14', 'Runway'),
(263, 'Donga', '750/825x16', 'Camara'),
(264, 'Donga', 'R12', 'Camara'),
(265, 'Donga', 'R24', 'Poncho'),
(266, 'Donga', '750/825x16', 'Poncho'),
(267, 'Donga', '1200 x 20', 'Poncho'),
(268, 'Brasilera', 'R20', 'Poncho'),
(269, 'Wind Power', '385/55R22.5', 'HN809');

-- --------------------------------------------------------

--
-- Table structure for table `usr`
--

DROP TABLE IF EXISTS `usr`;
CREATE TABLE IF NOT EXISTS `usr` (
  `id` int(5) NOT NULL AUTO_INCREMENT,
  `login` varchar(50) NOT NULL,
  `password` varchar(50) NOT NULL,
  `name` varchar(50) NOT NULL,
  PRIMARY KEY (`id`)
) ENGINE=InnoDB  DEFAULT CHARSET=utf8 AUTO_INCREMENT=19 ;

--
-- Dumping data for table `usr`
--

INSERT INTO `usr` (`id`, `login`, `password`, `name`) VALUES
(1, 'joe', '16a9a54ddf4259952e3c118c763138e83693d7fd', 'Administrador'),
(11, 'arico999', 'e87a720bf2fcd628a9fa09020d4da144ea800366', 'Ariel'),
(13, 'Santa Cruz', '331c5c33d5a9cca1c2ca4bd973417f000b11b91e', 'administrador Sta Cruz'),
(14, 'carlos', '0f81c2baa761663988a332cacd2598448b593817', 'carlos'),
(15, 'jose', '0f81c2baa761663988a332cacd2598448b593817', 'jose'),
(16, 'terravol', '4f2e8b0ff8effdc457a435fac71c3696d36adef7', 'terravol'),
(17, 'Teresa', '5b52103b337d0ef45e49ef9bad49d1ef618e77c8', 'Teresa'),
(18, 'Badra', '0f81c2baa761663988a332cacd2598448b593817', 'Badra');

--
-- Constraints for dumped tables
--

--
-- Constraints for table `debt`
--
ALTER TABLE `debt`
  ADD CONSTRAINT `debt_ibfk_1` FOREIGN KEY (`deptor_id`) REFERENCES `deptor` (`id`),
  ADD CONSTRAINT `debt_ibfk_2` FOREIGN KEY (`shop_id`) REFERENCES `shop` (`shop_id`);

--
-- Constraints for table `expense`
--
ALTER TABLE `expense`
  ADD CONSTRAINT `expense_ibfk_1` FOREIGN KEY (`shop_id`) REFERENCES `shop` (`shop_id`);

--
-- Constraints for table `role`
--
ALTER TABLE `role`
  ADD CONSTRAINT `role_ibfk_1` FOREIGN KEY (`user`) REFERENCES `usr` (`id`);

--
-- Constraints for table `role_shop`
--
ALTER TABLE `role_shop`
  ADD CONSTRAINT `role_shop_ibfk_1` FOREIGN KEY (`shop_id`) REFERENCES `shop` (`shop_id`),
  ADD CONSTRAINT `role_shop_ibfk_2` FOREIGN KEY (`user`) REFERENCES `usr` (`id`);

--
-- Constraints for table `role_store`
--
ALTER TABLE `role_store`
  ADD CONSTRAINT `role_store_ibfk_1` FOREIGN KEY (`user`) REFERENCES `usr` (`id`),
  ADD CONSTRAINT `role_store_ibfk_2` FOREIGN KEY (`store_id`) REFERENCES `store` (`store_id`);

--
-- Constraints for table `shop_entries_outs`
--
ALTER TABLE `shop_entries_outs`
  ADD CONSTRAINT `shop_entries_outs_ibfk_1` FOREIGN KEY (`tyre_id`) REFERENCES `tyre` (`tyre_id`),
  ADD CONSTRAINT `shop_entries_outs_ibfk_2` FOREIGN KEY (`source_store`) REFERENCES `store` (`store_id`),
  ADD CONSTRAINT `shop_entries_outs_ibfk_3` FOREIGN KEY (`source_shop`) REFERENCES `shop` (`shop_id`),
  ADD CONSTRAINT `shop_entries_outs_ibfk_4` FOREIGN KEY (`shop_id`) REFERENCES `shop` (`shop_id`),
  ADD CONSTRAINT `shop_entries_outs_ibfk_5` FOREIGN KEY (`deptor_id`) REFERENCES `deptor` (`id`);

--
-- Constraints for table `stock`
--
ALTER TABLE `stock`
  ADD CONSTRAINT `stock_ibfk_1` FOREIGN KEY (`tyre_id`) REFERENCES `tyre` (`tyre_id`),
  ADD CONSTRAINT `stock_ibfk_2` FOREIGN KEY (`store_id`) REFERENCES `store` (`store_id`),
  ADD CONSTRAINT `stock_ibfk_3` FOREIGN KEY (`shop_id`) REFERENCES `shop` (`shop_id`);

--
-- Constraints for table `store`
--
ALTER TABLE `store`
  ADD CONSTRAINT `store_ibfk_1` FOREIGN KEY (`store_virtual`) REFERENCES `shop` (`shop_id`);

--
-- Constraints for table `store_entries_outs`
--
ALTER TABLE `store_entries_outs`
  ADD CONSTRAINT `store_entries_outs_ibfk_1` FOREIGN KEY (`store_id`) REFERENCES `store` (`store_id`),
  ADD CONSTRAINT `store_entries_outs_ibfk_2` FOREIGN KEY (`tyre_id`) REFERENCES `tyre` (`tyre_id`),
  ADD CONSTRAINT `store_entries_outs_ibfk_3` FOREIGN KEY (`supplier_id`) REFERENCES `supplier` (`supplier_id`),
  ADD CONSTRAINT `store_entries_outs_ibfk_4` FOREIGN KEY (`invoice_id`) REFERENCES `invoice` (`invoice_id`),
  ADD CONSTRAINT `store_entries_outs_ibfk_5` FOREIGN KEY (`dest_shop`) REFERENCES `shop` (`shop_id`),
  ADD CONSTRAINT `store_entries_outs_ibfk_6` FOREIGN KEY (`dest_store`) REFERENCES `store` (`store_id`);

/*!40101 SET CHARACTER_SET_CLIENT=@OLD_CHARACTER_SET_CLIENT */;
/*!40101 SET CHARACTER_SET_RESULTS=@OLD_CHARACTER_SET_RESULTS */;
/*!40101 SET COLLATION_CONNECTION=@OLD_COLLATION_CONNECTION */;
